id	name
0	international conference on human-computer interaction
1	visual analytics science and technology
2	pattern recognition and machine intelligence
4	international conference on computer graphics theory and applications
8	international conference on conceptual structures
9	international joint conference on artificial intelligence
10	Electronic Notes in Theoretical Computer Science
12	conference of the international speech communication association
13	international conference on bio-inspired systems and signal processing
15	language resources and evaluation
16	operating systems design and implementation
17	international conference on human computer interaction
19	soft computing
20	The Journal of Logic and Algebraic Programming
21	research challenges in information science
22	Journal of Advanced Computational Intelligence and Intelligent Informatics
23	usenix large installation systems administration conference
24	international conference on software engineering
25	intelligent information systems
27	international conference on parallel processing
28	international conference on computer vision
29	international syposium on methodologies for intelligent systems
30	conference on multimedia modeling
31	IEEE Data(base) Engineering Bulletin
33	hawaii international conference on system sciences
34	Ars Combinatoria
35	Applied Mathematics Letters
38	intelligent data engineering and automated learning
41	the european symposium on artificial neural networks
42	Revista Iberoamericana De Tecnologías Del Aprendizaje
43	international conference on intelligent computing
45	arXiv: Computers and Society
46	pacific asia conference on information systems
47	electronic government
51	international conference on software and data technologies
54	Wirtschaftsinformatik \/ Angewandte Informatik
55	international conference on enterprise information systems
58	color imaging conference
60	working conference on virtual enterprises
63	pacific rim international conference on artificial intelligence
64	Journal of Machine Vision and Applications
66	international conference on computational linguistics
67	international world wide web conferences
68	computers and their applications
70	Applied Artificial Intelligence
72	the florida ai research society
75	north american chapter of the association for computational linguistics
76	text retrieval conference
77	intelligent data analysis
79	international semantic web conference
80	international conference on machine learning
81	national conference on artificial intelligence
83	Synthese
84	canadian conference on computational geometry
85	measurement and modeling of computer systems
86	wireless personal multimedia communications
88	medical informatics europe
91	rough sets and knowledge technology
95	product focused software process improvement
96	arXiv: Artificial Intelligence
100	IEEE Computer
102	international on-line testing symposium
106	parallel computing
110	empirical methods in natural language processing
112	Informatik Spektrum
115	international conference on computational logistics
117	Electronic Colloquium on Computational Complexity
118	Kybernetika
119	Wireless Personal Communications
120	international conference on intelligent robotics and applications
122	Journal of Parallel and Distributed Computing
123	european conference on artificial intelligence
124	Technique Et Science Informatiques
125	hybrid artificial intelligence systems
127	network and distributed system security symposium
128	international conference on computer aided design
130	Lecture Notes in Computer Science
131	system analysis and modeling
132	annual computer security applications conference
133	genetic and evolutionary computation conference
135	international symposium on object/component/service-oriented real-time distributed computing
136	Journal of Intelligent Manufacturing
137	international conference on image and signal processing
139	computational intelligence
140	arXiv: Quantum Physics
145	international conference on algorithms and architectures for parallel processing
147	siam international conference on data mining
148	affective computing and intelligent interaction
149	summer computer simulation conference
150	international conference on management of data
151	Journal of Symbolic Computation
152	international symposium on neural networks
154	A Quarterly Journal of Operations Research
155	international conference on social computing
156	international conference on informatics in control, automation and robotics
159	knowledge discovery and data mining
160	Future Generation Computer Systems
161	international conference on computer supported education
162	discovery science
163	international conference on image analysis and processing
164	advances in databases and information systems
165	asian conference on intelligent information and database systems
168	field programmable gate arrays
169	software engineering and knowledge engineering
170	european conference on information systems
171	Journal of Universal Computer Science
172	Computer Communications
174	industrial and engineering applications of artificial intelligence and expert systems
176	Reliable Computing
177	IEEE Transactions on Computers
179	information processing and management of uncertainty
180	international conference on web engineering
182	international acm sigir conference on research and development in information retrieval
185	partial evaluation and semantic-based program manipulation
187	international conference on biomedical electronics and devices
189	American Mathematical Monthly
190	international conference on computer vision theory and applications
191	international conference on artificial intelligence and law
193	international conference on communications
194	Ingénierie Des Systèmes D'information
195	ad hoc networks
198	international conference on computational science and its applications
200	international conference on robotics and automation
201	advances in mobile multimedia
203	international workshop on openmp
206	data warehousing and knowledge discovery
207	international conference on health informatics
209	symposium on geometry processing
210	computer science and its applications
212	international congress on mathematical software
213	Ad Hoc & Sensor Wireless Networks
215	Advances in Computational Mathematics
216	international conference on computer communications
218	Theoretical Computer Science
220	Photonic Network Communications
221	international conference on neural information processing
227	model driven engineering languages and systems
230	business information systems
231	canadian conference on artificial intelligence
232	international symposium on experimental robotics
233	conference on scientific computing
235	arXiv: Human-Computer Interaction
237	Informatica (slovenia)
238	international conference on artificial neural networks
240	computing and combinatorics conference
241	international conference on pervasive computing
242	symposium on discrete algorithms
248	medical image computing and computer assisted intervention
249	international conference on information systems
250	Information Fusion
255	Scholarpedia
257	network and system security
260	pacific-asia conference on knowledge discovery and data mining
262	international conference on knowledge discovery and information retrieval
264	Information Technology & Management
267	mathematical foundations of computer science
269	text speech and dialogue
271	information security for south africa
272	Journal of Machine Learning Research
273	symposium on the theory of computing
274	language and automata theory and applications
275	intelligent technologies for interactive entertainment
276	European Journal of Operational Research
279	european conference on parallel processing
280	cyberworlds
282	Automatica
283	Education and Information Technologies
285	international conference on logic programming
291	compiler construction
292	international work-conference on the interplay between natural and artificial computation
295	computer information systems and industrial management applications
298	advanced concepts for intelligent vision systems
300	logic in computer science
302	Journal of Management Information Systems
303	medical image computing and computer-assisted intervention
304	simulated evolution and learning
305	adaptive agents and multi agents systems
308	IEEE Internet Computing
309	swarm evolutionary and memetic computing
310	signal processing systems
313	The International Arab Journal of Information Technology
314	international conference on web information systems and technologies
315	Annals of Operations Research
316	scandinavian conference on information systems
317	statistical and scientific database management
318	european symposium on research in computer security
327	indian international conference on artificial intelligence
328	ieee international conference on high performance computing data and analytics
331	Annales Des Télécommunications
333	International Journal of Parallel Programming
335	Psychnology Journal
336	australasian database conference
338	database and expert systems applications
339	social informatics
340	web age information management
341	international conference on weblogs and social media
342	arXiv: Distributed, Parallel, and Cluster Computing
343	Computer-aided Design
348	Order
351	international conference on hybrid information technology
352	foundations of computer science
353	arXiv: Networking and Internet Architecture
355	Journal of Web Engineering
356	conference on privacy, security and trust
357	Ercim News
359	asian conference on computer vision
361	adaptive agents and multi-agents systems
365	german conference on bioinformatics
366	vision modeling and visualization
369	international symposium on circuits and systems
370	image and vision computing new zealand
372	international conference on swarm intelligence
376	asia-pacific web conference
379	symposium on reliable distributed systems
384	broadband communications, networks and systems
385	international conference on machine learning and applications
386	ACM Transactions on Mathematical Software
387	Journal of Functional Programming
389	document analysis systems
390	very large data bases
392	decision support systems
394	Journal of Instruction-level Parallelism
395	Communications of The ACM
396	recent advances in intrusion detection
398	computer aided verification
399	Cognitive Science
400	new interfaces for musical expression
401	distributed computing in sensor systems
402	vlsi test symposium
403	arXiv: Learning
404	international symposium/conference on music information retrieval
405	Computer Systems: Science & Engineering
407	Computing
408	machine learning and data mining in pattern recognition
409	european conference on computer vision
413	IEEE Software
415	Journal of Information Science and Engineering
418	conference on computability in europe
421	Computers & Graphics
422	international conference on knowledge capture
425	artificial intelligence applications and innovations
427	iberoamerican congress on pattern recognition
429	in Silico Biology
430	Information Processing Letters
431	international conference on image analysis and recognition
433	international conference on e business
435	Elektrotechnik Und Informationstechnik
436	foundations of software technology and theoretical computer science
437	Information Technology
438	Discrete and Computational Geometry
439	theory and application of cryptographic techniques
442	European Journal of Combinatorics
443	Electronic Government, An International Journal
445	tests and proofs
446	international symposium on visual computing
447	conference of the european chapter of the association for computational linguistics
449	testbeds and research infrastructures for the development of networks and communities
450	computer supported cooperative work in design
451	Intelligence\/sigart Bulletin
453	fundamental approaches to software engineering
454	Datenbank-spektrum
455	Telecommunication Systems
457	Journal of Global Optimization
460	arXiv: Social and Information Networks
461	international workshop on fuzzy logic and applications
462	Journal of the American Medical Informatics Association
463	communications and networking symposium
465	advances in multimedia
467	international conference on electronic publishing
469	Computers & Chemical Engineering
478	international conference on security and cryptography
483	computational intelligence and games
485	usenix technical conference
488	Machine Learning
490	computer assisted radiology and surgery
494	ubiquitous computing
496	conference on current trends in theory and practice of informatics
500	ieee international conference on cloud computing technology and science
501	international conference on computers in education
503	international conference on information security and cryptology
504	Informatica (lithuanian Academy of Sciences)
505	Design Automation for Embedded Systems
507	european conference on principles of data mining and knowledge discovery
508	Journal of Computational Physics
509	IEICE Transactions on Fundamentals of Electronics, Communications and Computer Sciences
511	embedded and ubiquitous computing
512	arXiv: Cryptography and Security
513	Computing and Informatics \/ Computers and Artificial Intelligence
514	software engineering, artificial intelligence, networking and parallel/distributed computing
520	international conference on image processing
521	Journal of Cheminformatics
522	international workshop on security
523	Electronic Markets
524	Interactions
526	Revista De Informática Teórica E Aplicada
527	workshop on information security applications
528	arXiv: Software Engineering
530	Journal of Mathematical Imaging and Vision
532	international conference on tools with artificial intelligence
533	Ksii Transactions on Internet and Information Systems
534	ambient intelligence
539	field-programmable logic and applications
540	Journal of Intelligent and Robotic Systems
541	Information Retrieval
544	web information systems modeling
545	Journal of Chemical Information and Computer Sciences
546	international conference on embedded networked sensor systems
547	international conference on mobile multimedia communications
550	arXiv: Robotics
551	Multimedia Systems
552	Knowledge Based Systems
554	web information systems engineering
555	wireless algorithms systems and applications
557	IEEE Transactions on Very Large Scale Integration Systems
560	graphics interface
561	international conference on computational collective intelligence
563	information processing in medical imaging
565	Future Internet
566	international conference on computer graphics and interactive techniques
569	knowledge and systems engineering
571	conference on information and knowledge management
573	arXiv: Data Structures and Algorithms
574	IEEE MultiMedia
577	Journal of Electronic Testing
578	international conference on agents and artificial intelligence
579	human factors in computing systems
581	International Journal of Strategic Information Technology and Applications
582	international conference on acoustics, speech, and signal processing
583	ieee visualization
584	international conference on data engineering
586	geographic information science
587	IEEE Intelligent Systems
588	european conference on software architecture
592	Problems of Information Transmission
593	IEICE Transactions on Information and Systems
595	modeling, analysis, and simulation on computer and telecommunication systems
596	agent directed simulation
597	Teleoperators and Virtual Environments
600	Clei Electronic Journal
601	international conference on software maintenance
604	Journal of Convergence Information Technology
607	Applied Mathematics and Computation
613	International Journal of Systems Science
614	robotics and applications
617	Performance Evaluation
618	International Journal of Medical Informatics
620	field programmable logic and applications
624	Softwaretechnik-trends
625	federated conference on computer science and information systems
627	granular computing
629	Computational Statistics & Data Analysis
630	inductive logic programming
631	theory and practice of digital libraries
633	international test conference
636	Computer Networks and Isdn Systems
638	cryptographic hardware and embedded systems
639	ACM Sigmis Database
640	arXiv: Other Computer Science
642	international conference on information and communication security
644	arXiv: Computer Science and Game Theory
646	Archive for Mathematical Logic
647	conference on object-oriented programming systems, languages, and applications
648	principles of distributed computing
650	formal methods
652	User Modeling and User-adapted Interaction
654	international conference on distributed computing systems
655	international conference on bioinformatics
656	workshop on knowledge discovery and data mining
658	high performance interconnects
659	cooperative design visualization and engineering
661	fuzzy systems and knowledge discovery
663	Discrete Event Dynamic Systems
666	multiple criteria decision making
669	International Journal of Pattern Recognition and Artificial Intelligence
670	international conference in central europe on computer graphics and visualization
671	Personal and Ubiquitous Computing
672	robot soccer world cup
673	Social Networks
674	Signal Processing
678	International Journal of Computer Vision
679	Combinatorica
680	machine vision applications
681	asia-pacific software engineering conference
682	the internet of things
685	pacific symposium on biocomputing
686	international conference on machine learning and cybernetics
690	conference on innovative data systems research
692	Presence: Teleoperators & Virtual Environments
694	Annals of Mathematics and Artificial Intelligence
695	workshop in information security theory and practice
696	arXiv: Logic in Computer Science
697	arXiv: Computer Vision and Pattern Recognition
698	Journal of Logic Programming
699	international workshop on the web and databases
700	Sigplan Notices
701	tools and algorithms for construction and analysis of systems
703	meeting of the association for computational linguistics
704	IEEE Distributed Systems Online
707	Queueing Systems
708	discrete geometry for computer imagery
709	Journal of Symbolic Logic
710	arXiv: Multimedia
711	international conference on information systems security
714	Journal of Artificial Societies and Social Simulation
715	design automation conference
716	mining and learning with graphs
718	D-lib Magazine
719	Applied Categorical Structures
721	Journal of Biomedical Informatics
722	Praxis Der Wirtschaftsinformatik
723	IEEE Transactions on Software Engineering
726	international conference on networking
727	international conference on concurrency theory
728	european conference on artificial life
729	Journal of Multimedia
731	IEEE Transactions on Knowledge and Data Engineering
736	Computers and The Humanities
748	Distributed and Parallel Databases
750	The Information Society
751	arXiv: Computational Engineering, Finance, and Science
755	The Visual Computer
758	Journal of the Association for Information Science and Technology
759	Empirical Software Engineering
760	International Journal of Speech Technology
762	Innovations in Systems and Software Engineering
764	computer science and software engineering
766	robotics science and systems
767	learning and intelligent optimization
769	arXiv: Information Theory
770	dependable systems and networks
771	Acta Informatica
772	european conference on cognitive ergonomics
773	international symposium on memory management
774	robotics: science and systems
775	International Journal of Geographic Information Systems
777	high-performance computer architecture
779	grid and cooperative computing
781	Computers & Mathematics With Applications
782	software product lines
783	languages, compilers, and tools for embedded systems
784	symposium on computational geometry
786	Computer Standards & Interfaces
788	intelligent systems in molecular biology
789	Operational Research
793	Remote Sensing
794	runtime verification
795	arXiv: Programming Languages
796	international conference on pattern recognition
798	Combinatorics, Probability & Computing
800	Fundamenta Informaticae
801	formal methods in computer aided design
802	Wireless Networks
803	ubiquitous intelligence and computing
807	advanced video and signal based surveillance
808	Artificial Life
809	conference on communication networks and services research
811	international conference on computer communications and networks
813	Journal of Integrative Bioinformatics
815	international conference on functional programming
816	asia and south pacific design automation conference
817	Cluster Computing
818	vehicular technology conference
819	Neurocomputing
822	conference on network and service management
824	Datenschutz Und Datensicherheit
826	Science of Computer Programming
828	Journal of Complexity
829	ieee international conference on fuzzy systems
830	participatory design conference
831	networked systems design and implementation
832	international conference on contemporary computing
833	neural information processing systems
835	international conference for young computer scientists
836	Studia Informatica Universalis
837	international parallel and distributed processing symposium
839	programming language design and implementation
840	real-time systems symposium
843	Journal of Philosophical Logic
844	ACM Computing Surveys
845	conference on information technology in asia
847	asia-pacific network operations and management symposium
849	autonomic and trusted computing
855	international conference on network protocols
856	IEEE Transactions on Information Theory
857	advances in computing and communications
858	Journal of Computer Science
859	IEEE Design & Test of Computers
861	arXiv: Databases
862	Journal of the Association for Information Systems
863	international conference on informatics in control automation and robotics
865	Software Process: Improvement and Practice
866	Bioinformatics
868	computational intelligence and security
872	Artificial Intelligence in Medicine
873	Sigir Forum
875	Journal of Chemical Information and Modeling
877	Discrete Optimization
879	international conference on data mining
882	ACM Transactions on Computer Systems
886	hardware-oriented security and trust
889	Human-Computer Interaction
890	information hiding
892	pacific-rim symposium on image and video technology
893	ACM Transactions on Graphics
896	international symposium on microarchitecture
898	digital information and communication technology and its applications
899	Journal of Combinatorial Theory
900	Numerical Algorithms
901	latin american network operations and management symposium
902	fast software encryption
903	international conference on bio inspired systems and signal processing
904	high performance embedded architectures and compilers
907	spring simulation multiconference
908	Computational Optimization and Applications
909	bioinformatics and bioengineering
910	Journal of Computer and System Sciences
912	arXiv: Neural and Evolutionary Computing
914	ACM Queue
916	international symposium on computer architecture
918	arXiv: Optimization and Control
920	Mobile Networks and Applications
921	international conference on pervasive and embedded computing and communication systems
923	principles of security and trust
924	Systems and Computers in Japan
926	symposium on principles of database systems
931	Journal of Scientific Computing
936	computer software and applications conference
943	international conference on cloud computing and services science
944	international conference on ultra modern telecommunications
945	research in computational molecular biology
948	Journal of Network and Systems Management
952	grid computing
953	Science in China Series F: Information Sciences
955	Genomics, Proteomics & Bioinformatics
956	Sigact News
958	International Journal of Information Management
959	distributed applications and interoperable systems
960	international convention on information and communication technology, electronics and microelectronics
962	International Journal of Multimedia Data Engineering and Management
963	Industrial Management and Data Systems
968	multimedia and ubiquitous engineering
969	Siam Journal on Control and Optimization
970	Automatisierungstechnik
971	Journal of Intelligent and Fuzzy Systems
973	Studia Logica
981	integrated network management
982	international conference on vlsi design
984	Computers & Security
986	mobile ad hoc and sensor networks
988	international conference on computer design
989	Computer Languages, Systems & Structures
990	International Journal of Intelligent Systems
991	Journal of Approximation Theory
992	architectural support for programming languages and operating systems
994	Operating Systems Review
996	communication systems and networks
997	integrated formal methods
1000	New Generation Computing
1001	innovative applications of artificial intelligence
1005	SIAM Journal on Computing
1006	Cybernetics and Human Knowing
1007	symposium on operating systems principles
1010	arXiv: Numerical Analysis
1011	Digital Investigation
1012	SIAM Journal on Matrix Analysis and Applications
1013	Journal of Decision Systems
1014	IEEE Transactions on Neural Networks
1015	international conference on genetic and evolutionary computing
1017	IEEE Transactions on Pattern Analysis and Machine Intelligence
1018	Elearn
1019	Frontiers in Neuroengineering
1020	british machine vision conference
1023	requirements engineering foundation for software quality
1024	application-specific systems, architectures, and processors
1025	Educational Technology & Society
1027	ACM Transactions on Intelligent Systems and Technology
1028	Journal of Cellular Automata
1029	parallel, distributed and network-based processing
1032	IEEE Transactions on Automatic Control
1034	information processing in sensor networks
1036	data compression conference
1037	International Journal of Human-computer Studies \/ International Journal of Man-machine Studies
1038	Mathematical Methods of Operations Research
1040	Designs, Codes and Cryptography
1042	Expert Systems With Applications
1043	Computer Networks
1044	Information Processing and Management
1045	intelligence and security informatics
1046	wearable and implantable body sensor networks
1047	Physical Communication
1049	international conference on information networking
1050	digital image computing: techniques and applications
1053	computer games
1054	ieee virtual reality conference
1055	international workshop on combinatorial image analysis
1056	Natural Computing
1059	IEEE Computer Graphics and Applications
1060	Proceedings of SPIE
1061	Proceedings of The Vldb Endowment
1062	Applicable Algebra in Engineering, Communication and Computing
1063	International Journal of Geographical Information Science
1065	arXiv: Information Retrieval
1066	cooperative information systems
1067	Journal of Algorithms
1069	Journal of Graph Theory
1070	The New Review of Hypermedia and Multimedia
1071	world summit on the knowledge society
1072	Journal of Computational and Applied Mathematics
1073	Annual Reviews in Control
1074	next generation internet
1075	Graphs and Combinatorics
1077	power and timing modeling optimization and simulation
1079	arXiv: Physics and Society
1082	International Journal of Electronic Commerce
1084	Theory of Computing Systems \/ Mathematical Systems Theory
1085	International Journal on Software Tools for Technology Transfer
1086	Signal Processing-image Communication
1087	distributed multimedia systems
1088	Journal of Network and Computer Applications
1090	acm/ieee joint conference on digital libraries
1092	algorithmic applications in management
1094	International Journal of Computer Mathematics
1095	Microprocessors and Microsystems
1096	international conference on networking, sensing and control
1098	Electronic Commerce Research
1099	Journal of Computational Chemistry
1101	Siam Journal on Imaging Sciences
1102	international wireless internet conference
1105	extending database technology
1106	arXiv: Computation and Language
1107	Journal of Discrete Algorithms
1108	acm multimedia
1109	Programming and Computer Software
1111	Journal of Applied Non-Classical Logics
1117	Mathematics of Computation
1118	Minds and Machines
1120	Journal of Information Technology
1121	International Journal of Enterprise Information Systems
1122	International Journal of Information and Communication Technology
1123	quantitative evaluation of systems
1125	scandinavian workshop on algorithm theory
1129	arXiv: Computational Complexity
1131	international conference on natural language generation
1132	international conference on knowledge engineering and ontology development
1136	australian software engineering conference
1137	multimedia information retrieval
1139	International Journal of Advanced Corporate Learning (ijac)
1140	pacific rim conference on multimedia
1141	computer science symposium in russia
1143	conference on recommender systems
1146	Engineering Applications of Artificial Intelligence
1147	IEEE Robotics & Automation Magazine
1148	Security Informatics
1149	Computational and Mathematical Organization Theory
1151	international joint conference on knowledge discovery, knowledge engineering and knowledge management
1152	systems, man and cybernetics
1156	Information Systems Frontiers
1158	arXiv: Multiagent Systems
1159	signal-image technology and internet-based systems
1160	Ubiquity
1164	Multimedia Tools and Applications
1166	international conference on smart grids and green it systems
1167	Computers & Operations Research
1169	Advances in Engineering Software
1171	international conference on database theory
1173	International Journal of Information Security
1175	Annals of Pure and Applied Logic
1180	international database engineering and applications symposium
1181	Pervasive and Mobile Computing
1182	Electronic Journal of Combinatorics
1183	ACM Transactions on Programming Languages and Systems
1184	Physical Review A
1185	ieee international conference on pervasive computing and communications
1186	Control and Intelligent Systems
1187	Networks
1189	Manufacturing & Service Operations Management
1191	gemeinschaften in neuen medien
1192	international conference on supercomputing
1193	Sensors
1194	articulated motion and deformable objects
1195	ACM Transactions on Database Systems
1199	Cognition, Technology & Work
1200	working conference on reverse engineering
1201	international symposium on biomedical imaging
1203	modeling analysis and simulation on computer and telecommunication systems
1206	Foundations of Computational Mathematics
1207	international conference on pattern recognition applications and methods
1208	conference on computer supported cooperative work
1211	IEEE Transactions on Instrumentation and Measurement
1213	computational intelligence in bioinformatics and computational biology
1215	Journal of Computational Biology
1216	Statistics and Computing
1217	Journal of Visual Communication and Image Representation
1219	workshop on intelligent solutions in embedded systems
1220	Iet Communications
1224	Mathematical Programming
1228	International Journal of Law and Information Technology
1229	International Journal of Software Engineering and Knowledge Engineering
1231	Fuel and Energy Abstracts
1233	Periodica Mathematica Hungarica
1234	AStA Wirtschafts- und Sozialstatistisches Archiv
1235	pacific conference on computer graphics and applications
1236	conference on information sciences and systems
1237	arXiv: Combinatorics
1238	arXiv: Machine Learning
1239	Information Sciences
1240	workshop on algorithms and data structures
1241	arXiv: Mathematical Software
1242	integrating technology into computer science education
1243	Image and Vision Computing
1245	International Journal of Digital Content Technology and Its Applications
1246	Fuzzy Sets and Systems
1248	international conference on sensor networks
1250	Journal of Medical Systems
1251	Computers & Geosciences
1252	Environmental Modelling and Software
1253	Advanced Engineering Informatics
1255	web and wireless geographical information systems
1257	global communications conference
1258	international conference on document analysis and recognition
1261	Praxis Der Informationsverarbeitung Und Kommunikation
1264	conference on image and video retrieval
1265	Journal of Computer Applications in Technology
1266	Autonomous Agents and Multi-Agent Systems
1267	secure software integration and reliability improvement
1268	Marketing Science
1269	Interacting with Computers
1271	mobile data management
1273	international conference on parallel architectures and compilation techniques
1276	high performance computing systems and applications
1277	conference on decision and control
1281	IEEE Annals of the History of Computing
1282	programming multi agent systems
1283	Journal of Computer Science and Technology
1284	Journal of Mathematical Modelling and Algorithms
1285	international symposium on quality electronic design
1286	international conference on mobile and ubiquitous systems: networking and services
1287	Neural Networks
1289	Electronic Commerce Research and Applications
1290	Quantum Information Processing
1291	International Journal of Applied Earth Observation and Geoinformation
1294	computer supported collaborative learning
1299	winter simulation conference
1300	acm sigplan symposium on principles and practice of parallel programming
1301	Discrete Mathematics
1302	congress on evolutionary computation
1303	ACM Transactions on Modeling and Computer Simulation
1305	high performance distributed computing
1306	international symposium on computer modeling, measurement and evaluation
1308	Information Systems and E-business Management
1310	Artificial Intelligence Review
1315	International Journal of Foundations of Computer Science
1317	Mathematics of Control, Signals, and Systems
1318	PLOS ONE
1320	IEEE Transactions on Reliability
1322	International Journal of Cooperative Information Systems
1323	Computer Aided Geometric Design
1324	cluster computing and the grid
1325	Science and Engineering Ethics
1328	Information Technology & People
1329	Cognitive Systems Research
1330	SIAM Journal on Numerical Analysis
1331	Discrete Applied Mathematics
1334	International Journal of Software and Informatics
1335	International Journal of General Systems
1337	Electronic Notes in Discrete Mathematics
1338	Vlsi Design
1339	electronic commerce
1340	geometric modeling and processing
1341	Information Systems
1344	Ai & Society
1350	Government Information Quarterly
1352	Journal of Digital Imaging
1353	IEEE Transactions on Aerospace and Electronic Systems
1354	international conference on web services
1358	Künstliche Intelligenz
1359	asian test symposium
1362	Complexity
1363	software and compilers for embedded systems
1365	international conference on biometrics
1366	Sigecom Exchanges
1367	Poiesis & Praxis
1369	Eurasip Journal on Image and Video Processing
1371	ACM Transactions on Information Systems
1372	Computer Graphics Forum
1373	Microelectronics Journal
1374	scalable information systems
1375	Random Structures and Algorithms
1376	international conference on simulation and modeling methodologies technologies and applications
1377	arXiv: Systems and Control
1378	IEEE Transactions on Circuits and Systems
1379	bioinspired models of network, information, and computing systems
1380	NeuroImage
1381	international geoscience and remote sensing symposium
1382	Journal of Applied Probability
1384	Software Quality Journal
1385	Evolving Systems
1386	Reliability Engineering & System Safety
1388	Mathematical Logic Quarterly
1390	international symposium on computers and communications
1391	arXiv: Logic
1392	Statistical Analysis and Data Mining
1393	Software - Practice and Experience
1394	Journal of Cryptology
1395	Requirements Engineering
1396	international conference on systems
1397	Journal of The London Mathematical Society-second Series
1398	Numerische Mathematik
1400	Journal of the ACM
1401	international conference on telecommunications
1402	international conference on cluster computing
1408	arXiv: Dynamical Systems
1409	European Journal of Information Systems
1410	Computer Physics Communications
1411	international conference on multimedia computing and systems
1412	Journal of Scheduling
1416	Scientometrics
1418	Computer Science
1419	IEEE Communications Surveys and Tutorials
1420	Journal of Information Technology Research
1421	Computers, Environment and Urban Systems
1422	Ibm Journal of Research and Development
1423	international symposium on parallel and distributed processing and applications
1424	Information Technology & Tourism
1426	technical symposium on computer science education
1427	Journal of Database Management
1428	ieee symposium on security and privacy
1429	Computational Management Science
1430	Journal of Quantitative Linguistics
1431	IEEE Transactions on Circuits and Systems for Video Technology
1433	EURASIP Journal on Advances in Signal Processing
1434	The Journal of Supercomputing
1435	web search and data mining
1436	International Journal of Intelligent Information and Database Systems
1437	Microelectronics Reliability
1438	Siam Journal on Financial Mathematics
1440	ieee international conference on high performance computing, data, and analytics
1441	Information Systems Research
1442	Networks and Heterogeneous Media
1443	arXiv: Discrete Mathematics
1445	high performance computing and communications
1447	information reuse and integration
1451	IEEE Pervasive Computing
1452	Higher-order and Symbolic Computation \/ Lisp and Symbolic Computation
1453	Informs Journal on Computing
1454	Journal of Systems Science & Complexity
1455	Neural Computing and Applications
1459	simulation tools and techniques for communications, networks and system
1460	acm conference on hypertext
1462	Journal of Heuristics
1463	IEEE Transactions on Parallel and Distributed Systems
1467	international symposium on physical design
1469	IEEE Transactions on Medical Imaging
1470	internet measurement conference
1471	Information & Software Technology
1472	personal, indoor and mobile radio communications
1474	International Journal of Network Management
1475	international symposium on wireless communication systems
1477	mobile ad-hoc and sensor networks
1478	optical network design and modelling
1479	The Computer Journal
1480	Computational Biology and Chemistry
1484	computer vision and pattern recognition
1487	International Journal of Ambient Computing and Intelligence
1488	Journal of Knowledge Management
1489	design, automation, and test in europe
1490	ieee international software metrics symposium
1491	international conference on model-driven engineering and software development
1493	IEEE Transactions on Mobile Computing
1496	international conference on control, automation, robotics and vision
1497	IEEE Transactions on Signal Processing
1499	mobile wireless middleware operating systems and applications
1500	advanced visual interfaces
1502	Journal of Computational Neuroscience
1504	data and knowledge engineering
1505	IEEE Communications Magazine
1507	Universal Access in The Information Society
1508	Information & Computation
1509	Electronic Publishing - Origination, Dissemination and Design
1510	international workshop on quality of service
1511	international conference on operations research and enterprise systems
1512	Journal of Zhejiang University Science C
1514	international conference on cloud computing
1516	international conference on networks
1517	design and diagnostics of electronic circuits and systems
1518	Mathematics of Operations Research
1519	International Journal of Information Technology Project Management
1522	international conference on semantic computing
1523	The Bulletin of Symbolic Logic
1526	panhellenic conference on informatics
1527	Computers in Education
1528	Cyberpsychology, Behavior, and Social Networking
1531	network based information systems
1532	task models and diagrams for user interface design
1533	Computer Science Review
1534	Journal of Visual Languages and Computing
1536	automated software engineering
1538	international symposium on mixed and augmented reality
1539	source code analysis and manipulation
1541	Journal of Computer-aided Molecular Design
1543	model based methodologies for pervasive and embedded software
1544	Neuroinformatics
1550	First Monday
1552	Machine Translation
1554	Algorithmica
1557	Bell Labs Technical Journal
1559	International Journal of Mathematics and Mathematical Sciences
1560	Journal of Systems and Software
1561	ACM Sigsoft Software Engineering Notes
1562	Computer Science and Information Systems
1565	Geometriae Dedicata
1568	IEEE Transactions on Circuits and Systems Ii-express Briefs
1569	Journal of Computer-Mediated Communication
1570	Journal of Economic Theory
1571	Management Science
1572	Pattern Recognition
1573	Journal of Logic, Language and Information
1574	variability modelling of software intensive systems
1575	Proceedings of the IEEE
1577	IEEE Transactions on Communications
1578	Journal of Combinatorial Optimization
1579	SIAM Journal on Discrete Mathematics
1582	real time technology and applications symposium
1583	international conference on multimodal interfaces
1584	Journal of Organizational Computing and Electronic Commerce
1585	Computers & Industrial Engineering
1586	Journal of Organizational and End User Computing
1588	arXiv: Graphics
1590	Information Visualization
1591	consumer communications and networking conference
1592	Mathematical Structures in Computer Science
1593	Contributions to Discrete Mathematics
1594	workshops on enabling technologies: infrastracture for collaborative enterprises
1595	International Journal of Neural Systems
1597	computer based medical systems
1598	International Journal of Approximate Reasoning
1600	intelligent networking and collaborative systems
1604	Asymptotic Analysis
1606	high-assurance systems engineering
1608	Inteligencia Artificial,revista Iberoamericana De Inteligencia Artificial
1609	Computers in Industry
1610	formal methods in computer-aided design
1611	asia-pacific bioinformatics conference
1612	IEEE Transactions on Visualization and Computer Graphics
1613	international conference on parallel and distributed systems
1616	computer and information technology
1617	grid computing environments
1618	international symposium on performance analysis of systems and software
1623	international symposium on robotics
1624	ACM Sigcas Computers and Society
1625	Proceedings of the Institution of Mechanical Engineers, Part I: Journal of Systems and Control Engineering
1626	IEEE Transactions on Systems, Man, and Cybernetics
1627	IEEE Journal on Selected Areas in Communications
1628	foundations of computational intelligence
1629	Journal of Grid Computing
1631	Experimental Mathematics
1632	arXiv: Emerging Technologies
1634	symposium/workshop on electronic design, test and applications
1635	Information Security Technical Report
1636	electro/information technology
1637	Simulation
1638	International Journal of Emerging Technologies in Learning (ijet)
1640	computer graphics international
1641	international conference on program comprehension
1642	Computer Vision and Image Understanding
1644	eurographics symposium on rendering techniques
1645	SIAM Journal on Scientific Computing
1646	Intelligent Decision Technologies
1647	Physical Review E
1649	Journal of the Operational Research Society
1650	european dependable computing conference
1651	Pattern Recognition Letters
1655	IEEE Transactions on Wireless Communications
1656	Information Systems Journal
1657	The Journal of Object Technology
1659	international multiconference on computer science and information technology
1660	Optimization Methods & Software
1662	networked computing and advanced information management
1663	Journal of Visualization and Computer Animation
1664	southwest symposium on image analysis and interpretation
1665	International Journal of Applied Geospatial Research
1666	international symposium on low power electronics and design
1667	arXiv: Computation
1669	IEEE Transactions on Geoscience and Remote Sensing
1670	international conference on embedded software and systems
1674	Nucleic Acids Research
1675	European Journal of Control
1679	IET Software
1680	IEEE Transactions on Image Processing
1684	Graphical Models \/graphical Models and Image Processing \/computer Vision, Graphics, and Image Processing
1687	Mathematical Social Sciences
1689	computer-based medical systems
1691	acm special interest group on data communication
1693	Data Science Journal
1694	symbolic and numeric algorithms for scientific computing
1695	virtual systems and multimedia
1697	international conference on bioinformatics and biomedical engineering
1698	Biological Cybernetics
1699	Integration
1700	parallel and distributed computing: applications and technologies
1701	advanced information networking and applications
1702	local computer networks
1703	International Journal of Multimedia Information Retrieval
1704	Swarm Intelligence
1705	document recognition and retrieval
1706	international joint conference on neural network
1707	Journal of Circuits, Systems, and Computers
1709	international symposium on symbolic and algebraic computation
1710	International Journal of Algebra and Computation
1711	international conference on advanced learning technologies
1713	Journal of Interconnection Networks
1714	Computational Geometry: Theory and Applications
1716	defect and fault tolerance in vlsi and nanotechnology systems
1717	workshop on image analysis for multimedia interactive services
1719	Computers in Human Behavior
1720	network and operating system support for digital audio and video
1722	Robotics and Autonomous Systems
1726	Journal of Multivariate Analysis
1727	Journal of Nonlinear Science
1729	Optimization Letters
1730	Multiscale Modeling & Simulation
1732	The International Journal of Robotics Research
1734	information sciences, signal processing and their applications
1735	intelligent robots and systems
1737	pacific rim international symposium on dependable computing
1738	user interface software and technology
1740	Knowledge Engineering Review
1742	IEEE Transactions on Control of Network Systems
1743	Neural Computation
1744	international conference / workshop on embedded computer systems: architectures, modeling and simulation
1745	conference on risks and security of internet and systems
1748	Robotica
1749	International Journal of E-entrepreneurship and Innovation
1752	international conference on quality software
1753	symposium on code generation and optimization
1754	Operations Research
1755	modelling, computation and optimization in information systems and management sciences
1757	ACM Transactions on Knowledge Discovery From Data
1759	Procedia Computer Science
1760	Kognitionswissenschaft
1761	Computer Speech & Language
1762	Mathematical and Computer Modelling
1763	Siam Journal on Mathematical Analysis
1764	IEEE Instrumentation & Measurement Magazine
1765	wireless communications and networking conference
1766	IEEE Wireless Communications
1767	International Journal of Online Engineering
1768	Information Resources Management Journal
1770	international conference on learning representations
1771	intelligent user interfaces
1772	Production Engineering
1778	Communications in Statistics - Simulation and Computation
1779	IEEE Signal Processing Letters
1780	digital systems design
1781	Technometrics
1782	Telematics and Informatics
1784	Finite Fields and Their Applications
1785	human robot interaction
1786	International Journal on Digital Libraries
1787	advanced architectures and algorithms for internet delivery and applications
1788	agent-directed simulation
1789	IEEE\/ACM Transactions on Networking
1791	Ibm Systems Journal
1792	international symposium on multiple-valued logic
1793	international symposium on chinese spoken language processing
1795	Organization Science
1797	euromicro conference on real-time systems
1799	Health Informatics Journal
1800	Journal of Intelligent Information Systems
1802	standardization and innovation in information technology
1803	symposium on applications and the internet
1807	Journal of Statistical Mechanics: Theory and Experiment
1809	IEICE Transactions on Electronics
1810	International Journal on Artificial Intelligence Tools
1813	collaborative computing
1815	communication system software and middleware
1818	ACM Transactions on Multimedia Computing, Communications, and Applications
1819	Computerized Medical Imaging and Graphics
1820	parallel and distributed computing applications and technologies
1821	microelectronics systems education
1822	Information & Management
1823	Advances in Complex Systems
1824	International Journal of Social Robotics
1825	Journal of Optimization Theory and Applications
1827	high assurance systems engineering
1828	Pattern Analysis and Applications
1830	international symposium on autonomous decentralized systems
1831	rapid system prototyping
1832	European Transactions on Telecommunications
1833	Formal Aspects of Computing
1835	IEEE Transactions on Computer-Aided Design of Integrated Circuits and Systems
1840	It Professional
1841	international conference on multimedia and expo
1844	Logical Methods in Computer Science
1845	arXiv: Applications
1847	International Journal of Computer Applications
1848	Scopus
1851	Mathematics and Computers in Simulation
1852	conference on object oriented programming systems languages and applications
1853	Journal of Low Power Electronics
1854	Computer-aided Civil and Infrastructure Engineering
1857	symposium on computer arithmetic
1858	Journal of Global Information Management
1859	Journal of Computers
1860	component based software engineering
1861	Computers & Electrical Engineering
1865	software visualization
1867	network operations and management symposium
1868	Real-time Systems
1870	IEEE Network
1872	Parallel Processing Letters
1874	Frontiers of Computer Science in China
1875	wireless on demand network systems and service
1877	IEEE Transactions on Vehicular Technology
1878	european conference on interactive tv
1880	Simulation Practice and Theory
1881	symposium on computer architecture and high performance computing
1882	mobile adhoc and sensor systems
1883	software engineering research and applications
1886	advances in social networks analysis and mining
1887	IEEE Transactions on Evolutionary Computation
1890	IEEE Transactions on Control Systems and Technology
1891	data management on new hardware
1895	Journal of Computing in Higher Education
1896	Methods of Information in Medicine
1897	conference on software maintenance and reengineering
1899	Social Choice and Welfare
1900	web intelligence
1901	Annales Umcs, Informatica
1902	computer science and information engineering
1905	Scientific Programming
1906	wireless communications, networking and information security
1908	PLOS Computational Biology
1910	acm symposium on parallel algorithms and architectures
1912	International Journal of Game Theory
1913	Siam Journal on Applied Mathematics
1914	Journal of the Brazilian Computer Society
1915	Concurrency and Computation: Practice and Experience
1917	Journal of Computational Science
1919	International Journal of Web Services Research
1921	IEEE Communications Letters
1922	Information Systems Security
1926	Electronics Letters
1927	international symposium on information theory
1928	International Journal of Information Technology and Web Engineering
1929	Briefings in Bioinformatics
1932	international conference on simulation and modeling methodologies, technologies and applications
1933	Ecological Informatics
1934	embedded and real-time computing systems and applications
1935	symposium on access control models and technologies
1936	Journal of Applied Mathematics and Decision Sciences
1937	ACM Sigarch Computer Architecture News
1939	Information Systems Management
1940	Cybernetics and Systems
1941	IEEE Transactions on Industrial Informatics
1943	foundations of digital games
1946	performance evaluation methodolgies and tools
1947	bioinformatics and biomedicine
1948	Systems & Control Letters
1949	Iet Circuits Devices & Systems
1950	Connection Science
1952	BMC Bioinformatics
1957	Journal of Web Semantics
1960	Notre Dame Journal of Formal Logic
1962	application specific systems architectures and processors
1964	International Journal of Sensor Networks
1965	foundations of software engineering
1966	Frontiers in Neuroinformatics
1967	IEEE Access
1968	database technology and applications
1969	Speech Communication
1972	digital identity management
1973	International Journal of Control
1974	ACM Transactions on Design Automation of Electronic Systems
1976	IEEE/ACM Transactions on Computational Biology and Bioinformatics
1978	ACM Sigapl Apl Quote Quad
1980	visualization for computer security
1981	designing interactive systems
1984	IEEE Journal on Emerging and Selected Topics in Circuits and Systems
1985	enterprise distributed object computing
1987	International Journal of Web Engineering and Technology
1988	IEEE Transactions on Fuzzy Systems
1989	international conference on engineering of complex computer systems
1990	Enterprise Information Systems
1991	International Journal of Human-computer Interaction
1997	Autonomous Robots
1998	international conference on mobile systems, applications, and services
1999	Ai Edam Artificial Intelligence for Engineering Design, Analysis and Manufacturing
2000	Journal of Digital Forensic Practice
2002	visual communications and image processing
2003	Applied and Computational Harmonic Analysis
2005	Central European Journal of Operations Research
2006	emerging technologies and factory automation
2007	IEICE Transactions on Communications
2008	Informs Transactions on Education
2009	Transportation Science
2011	Geoinformatica
2016	Journal of Graphics Tools
2019	Decision Sciences
2020	Journal of Applied Logic
2021	workshop on program analysis for software tools and engineering
2023	Automatic Control and Computer Sciences
2024	asia-pacific services computing conference
2025	data warehousing and olap
2026	IEEE Journal of Solid-state Circuits
2027	International Journal of Asian Business and Information Management
2028	Monte Carlo Methods and Applications
2029	Biomedical Signal Processing and Control
2031	Displays
2032	Computers and Electronics in Agriculture
2034	Applied Soft Computing
2035	Journal of Aerospace Information Systems
2036	Siam Journal on Applied Dynamical Systems
2037	Signal, Image and Video Processing
2038	international symposium on signal processing and information technology
2039	Data Mining and Knowledge Discovery
2040	Virtual Reality
2044	Digital Signal Processing
2045	International Journal of Critical Infrastructure Protection
2046	Information Economics and Policy
2047	ACM Transactions on Autonomous and Adaptive Systems
2048	Operations Research Letters
2050	Journal of Systems Architecture
2054	Journal of Informetrics
2057	World Wide Web
2058	Cognitive Processing
2060	International Journal of Bifurcation and Chaos
2061	ACM Transactions on The Web
2063	Medical & Biological Engineering & Computing
2065	Knowledge and Information Systems
2067	Optical Switching and Networking
2068	Circuits Systems and Signal Processing
2071	Digital Creativity
2072	Nonlinear Dynamics
2073	International Journal of Distributed Systems and Technologies
2076	Journal of Enterprise Information Management
2078	Applied Intelligence
2079	International Journal of Information Systems and Supply Chain Management
2081	information theory and applications
2083	Theory in Biosciences
2084	IEEE Transactions on Biomedical Circuits and Systems
2086	ACM Transactions on Computational Logic
2087	IEEE Transactions on Consumer Electronics
2092	Computer Methods and Programs in Biomedicine
2093	Journal of Software
2095	Mathematical Programming Computation
2096	International Journal of E-health and Medical Communications
2097	International Journal of Mathematics in Operational Research
2100	Computing and Visualization in Science
2101	Journal of Simulation
2102	BioSystems
2103	Rairo-operations Research
2104	Simulation Modelling Practice and Theory
2105	modeling and optimization in mobile, ad-hoc and wireless networks
2109	International Journal of Digital Crime and Forensics
2110	Earth Science Informatics
2113	IEEE Transactions on Information Forensics and Security
2114	IEEE Transactions on Circuits and Systems I-regular Papers
2115	Games and Economic Behavior
2117	IEEE Transactions on Broadcasting
2118	International Journal of Data Warehousing and Mining
2122	International Journal of Embedded Systems
2123	computational science and engineering
2124	European Physical Journal C
2125	Computer Music Journal
2126	Siam Review
2127	Journal of Real-time Image Processing
2128	symposium on usable privacy and security
2129	International Journal of Systems Assurance Engineering and Management
2130	semantic web applications and tools for life sciences
2131	acm/ieee international conference on mobile computing and networking
2132	ieee-ras international conference on humanoid robots
2135	Statistical Methods and Applications
2139	Technology Analysis & Strategic Management
2141	Journal of Visualization
2144	IEEE Transactions on Cloud Computing
2145	Advanced Robotics
2146	PeerJ
2148	IEEE Transactions on Multimedia
2149	IEEE Transactions on Network and Service Management
2150	Cognitive Computation
2151	International Journal of E-business Research
2152	Siam Journal on Optimization
2153	IEEE Journal of Selected Topics in Signal Processing
2154	Nature
2157	Dynamic Games and Applications
2158	Intelligent Automation and Soft Computing
2162	International Journal of Modelling, Identification and Control
2164	international conference on autonomic computing
2165	International Journal of Mobile Human Computer Interaction
2167	Computers in Biology and Medicine
2171	International Journal of Operations Research and Information Systems
2172	International Journal of Image and Graphics
2175	international conference of the ieee engineering in medicine and biology society
2177	Journal of Phonetics
2178	Scientific Reports
2179	Peer-to-peer Networking and Applications
2181	acm symposium on applied computing
2183	International Journal of Information Technology and Decision Making
2184	IEEE Internet of Things Journal
2185	International Journal of Digital Literacy and Digital Competence
2188	arXiv: Instrumentation and Methods for Astrophysics
2190	Journal of Geographical Systems
2191	ACM Transactions on Sensor Networks
2193	International Journal of Advanced Computer Science and Applications
2194	Journal of Information Science
2195	Medical Image Analysis
2196	International Journal of Service Science, Management, Engineering, and Technology
2197	Physical Review Letters
2198	Journal of Lightwave Technology
2200	Advances in Mathematics of Communications
2201	Physica A-statistical Mechanics and Its Applications
2202	International Journal of Web-based Learning and Teaching Technologies
2203	Information and Organization
2204	International Journal of Interactive Mobile Technologies (ijim)
2205	Nano Communication Networks
2207	International Journal of Information Systems in The Service Sector
2208	IEEE Journal of Biomedical and Health Informatics
2209	Neural Processing Letters
2210	Advanced Data Analysis and Classification
2211	International Journal of Computational Intelligence Systems
2213	International Journal of Human Capital and Information Technology Professionals
2215	Iet Image Processing
2216	New Media & Society
2217	Journal of Cognitive Neuroscience
2218	Mathematics in Computer Science
2220	Intelligent Service Robotics
2221	European Physical Journal B
2222	International Journal of Agricultural and Environmental Information Systems
2223	International Journal of Technology and Human Interaction
2224	Ipsj Transactions on System Lsi Design Methodology
2226	IEEE Geoscience and Remote Sensing Letters
2227	international symposium on information theory and its applications
2230	Internet Mathematics
2231	International Journal of Applied Metaheuristic Computing
2232	service oriented computing and applications
2233	Journal on Multimodal User Interfaces
2235	International Journal of e-Collaboration
2238	Iet Information Security
2239	international conference on neural computation theory and applications
2240	International Journal of Knowledge and Systems Science
2241	IEEE Transactions on Haptics
2242	IEEE Transactions on Smart Grid
2244	IEEE Signal Processing Magazine
2248	Public Transport
2249	EPL
2250	IEEE Transactions on Robotics
2252	Legal Studies
2253	international performance computing and communications conference
2255	International Journal of Information Security and Privacy
2258	International Journal of Interdisciplinary Telecommunications and Networking
2259	Journal of Electronic Imaging
2260	International Journal of Digital Curation
2262	International Journal of Applied Mathematics and Computer Science
2264	Public Library Quarterly
2265	International Journal of Knowledge Society Research
2267	IEEE Computer Architecture Letters
2269	Journal of Electronic Commerce in Organizations
2271	IEEE Transactions on Services Computing
2275	International Journal of Strategic Decision Sciences
2277	International Journal of E-politics
2280	advances in geographic information systems
2281	International Journal on Document Analysis and Recognition
2282	Kybernetes
2285	personal indoor and mobile radio communications
2287	International Journal of Digital Earth
2288	Journal of Cases on Information Technology
2289	International Journal of Technology Diffusion
2290	theoretical aspects of software engineering
2291	Journal of Intelligent Transportation Systems
2293	IEEE Transactions on Biomedical Engineering
2294	Human Factors
2296	International Journal of Applied Evolutionary Computation
2297	Cryptography and Communications
2298	IEEE Wireless Communications Letters
2299	International Journal of Innovation in The Digital Economy
2300	International Journal of Creative Interfaces and Computer Graphics
2301	Journal of Physics: Conference Series
2302	International Journal of Technoethics
2303	ACM Transactions on Architecture and Code Optimization
2305	Wireless Communications and Mobile Computing
2306	International Journal of Bioinformatics Research and Applications
2310	ACM Transactions on Software Engineering and Methodology
2312	Digital Humanities Quarterly
2313	international conference on evolutionary computation theory and applications
2315	International Journal of Computer Integrated Manufacturing
2316	workshop on applications of signal processing to audio and acoustics
2317	Journal of Communications and Networks
2318	ACM Transactions on Computer-Human Interaction
2321	IEEE Transactions on Molecular, Biological, and Multi-Scale Communications
2322	International Journal of Swarm Intelligence Research
2323	nano/micro engineered and molecular systems
2324	Engineering With Computers
2325	conference on emerging network experiment and technology
2327	IEICE Electronics Express
2330	workshop on applications of computer vision
2332	International Journal of Information Systems and Social Change
2333	wireless and mobile computing, networking and communications
2334	IEEE Transactions on Dependable and Secure Computing
2336	International Journal of Virtual Communities and Social Networking
2337	arXiv: Economics
2341	Finance and Stochastics
2342	Journal of Information Processing
2343	International Journal of Simulation and Process Modelling
2349	Numerical Linear Algebra With Applications
2350	industrial engineering and engineering management
2351	Mobile Information Systems
2352	International Journal of Gaming and Computer-mediated Simulations
2353	ACM Transactions on Storage
2355	International Journal of Data Mining and Bioinformatics
2359	IEEE Technology and Society Magazine
2360	Computer Science Education
2361	sensor, mesh and ad hoc communications and networks
2365	IEEE Systems Journal
2366	computer and communications security
2367	Journal of Biomedical Semantics
2368	International Journal of Intelligent Transportation Systems Research
2369	Algorithms for Molecular Biology
2370	Journal of Computer Assisted Learning
2371	Iet Computers and Digital Techniques
2372	International Journal of Adult Vocational Education and Technology
2373	Vehicular Communications
2374	wireless and optical communications conference
2375	International Journal of Information and Communication Technology Education
2376	Journal of Documentation
2377	International Journal of Manufacturing Research
2379	IEEE Transactions on Intelligent Transportation Systems
2381	International Journal of High Performance Systems Architecture
2382	International Journal of Business Data Communications and Networking
2383	International Journal of Handheld Computing Research
2384	Systems Engineering
2385	Decision Analysis
2386	International Journal of Data Mining, Modelling and Management
2388	Journal of Location Based Services
2389	International Journal of Technology Management
2392	international symposium on software reliability engineering
2393	ACM Sigbed Review
2395	International Journal of Manufacturing Technology and Management
2396	College & Research Libraries
2398	international joint conference on knowledge discovery knowledge engineering and knowledge management
2399	ieee computer security foundations symposium
2402	International Journal of Secure Software Engineering
2404	International Journal of Automation and Control
2405	Ipsj Transactions on Computer Vision and Applications
2407	Electronic Proceedings in Theoretical Computer Science
2410	IEEE Transactions on Power Systems
2412	Journal of Experimental and Theoretical Artificial Intelligence
2413	ieee automatic speech recognition and understanding workshop
2414	IEEE Transactions on Learning Technologies
2415	BMC Systems Biology
2416	international conference on signal and image processing applications
2417	Journal of Information & Knowledge Management
2418	International Journal of Networking and Virtual Organisations
2419	IEEE Transactions on Engineering Management
2420	international professional communication conference
2421	international conference on electronics, communications, and computers
2422	International Journal of Communication Systems
2423	ieee symposium on information visualization
2424	network-based information systems
2425	picture coding symposium
2426	field-programmable technology
2427	principles and practice of programming in java
2428	workshop on hot topics in operating systems
2429	international convention on information and communication technology electronics and microelectronics
2431	service oriented software engineering
2432	world of wireless mobile and multimedia networks
2433	international conference on information technology: new generations
2434	world haptics conference
2435	Security and Communication Networks
2436	conference on information technology education
2437	International Journal of Satellite Communications and Networking
2439	Computer Animation and Virtual Worlds
2440	International Journal of Distributed Sensor Networks
2442	British Journal of Educational Technology
2443	BMC Medical Informatics and Decision Making
2444	IEEE Transactions on Industrial Electronics
2445	Computer Applications in Engineering Education
2446	Business Process Management Journal
2448	asian internet engineering conference
2449	reconfigurable communication centric systems on chip
2450	european test symposium
2451	Frontiers in Computational Neuroscience
2453	System
2454	information technology interfaces
2456	embedded software
2457	Language and Linguistics Compass
2459	Computational and Mathematical Methods in Medicine
2460	international symposium on parallel and distributed computing
2461	international conference on software testing verification and validation
2464	Algorithms
2465	software engineering artificial intelligence networking and parallel distributed computing
2467	network computing and applications
2468	IEEE Transactions on Human-Machine Systems
2471	quality of multimedia experience
2474	The Electronic Library
2475	Industrial Robot-an International Journal
2476	american control conference
2478	international conference on mems, nano, and smart systems
2479	canadian conference on electrical and computer engineering
2480	Computational Intelligence and Neuroscience
2481	india software engineering conference
2487	Journal of Systems and Information Technology
2489	Journal of Theoretical and Applied Electronic Commerce Research
2490	Journal of Information, Communication and Ethics in Society
2491	IEEE Computational Intelligence Magazine
2494	Quality and Reliability Engineering International
2496	broadband and wireless computing, communication and applications
2498	robotics, automation and mechatronics
2501	Entropy
2502	Micromachines
2503	Journal of Sensors
2504	international conference on global software engineering
2505	Network Protocols and Algorithms
2507	Online Information Review
2509	arXiv: Computational Physics
2510	Journal of Field Robotics
2511	Transactions in Gis
2512	multimedia signal processing
2513	Journal in Computer Virology
2514	european solid-state circuits conference
2515	collaboration technologies and systems
2516	Eurasip Journal on Wireless Communications and Networking
2517	International Journal of Intelligent Computing and Cybernetics
2519	communications and mobile computing
2522	field programmable custom computing machines
2523	International Journal of Parallel, Emergent and Distributed Systems
2524	algebraic biology
2526	international conference on cyber physical systems
2531	Topics in Cognitive Science
2532	international symposium on industrial embedded systems
2535	Expert Systems
2536	Oclc Systems & Services
2539	hardware oriented security and trust
2540	high level design validation and test
2541	custom integrated circuits conference
2546	australasian computer-human interaction conference
2548	asia pacific bioinformatics conference
2549	symposium on cloud computing
2550	Library Hi Tech
2553	IEEE Embedded Systems Letters
2556	Behaviour & Information Technology
2557	symposium on applied computational intelligence and informatics
2558	Internet Research
2561	international symposium on wearable computers
2562	International Journal of Web Information Systems
2563	asia pacific conference on circuits and systems
2564	International Transactions in Operational Research
2565	international conference on image and graphics
2567	great lakes symposium on vlsi
2568	information technology based higher education and training
2572	Journal of Networks
2574	Aslib Proceedings
2578	working ieee/ifip conference on software architecture
2586	arXiv: Adaptation and Self-Organizing Systems
2589	international conference on innovative computing, information and control
2592	International Journal of Wavelets, Multiresolution and Information Processing
2593	design of reliable communication networks
2596	International Journal of Computer Networks & Communications
2598	robot and human interactive communication
2599	BMC Medical Imaging
2602	content based multimedia indexing
2604	international conference on wireless communications and mobile computing
2606	rfid technologies and applications
2609	Symmetry
2610	supercomputing conference
2615	computational intelligence for modelling, control and automation
2621	robotics and biomimetics
2623	IEEE Transactions on Audio, Speech, and Language Processing
2627	Wireless Sensor Network
2629	modeling and optimization in mobile ad hoc and wireless networks
2631	systems man and cybernetics
2634	Journal of Cloud Computing
2635	conference on creating, connecting and collaborating through computing
2637	computational intelligence in robotics and automation
2641	adaptive hardware and systems
2642	IEEE Micro
2645	international symposium on multimedia
2648	International Journal of Artificial Life Research
2650	International Journal of Information Technology and Management
2659	Information Management & Computer Security
2660	working ieee ifip conference on software architecture
2664	international conference on networking and services
2670	International Journal of Reconfigurable Computing
2671	IEEE Journal of Selected Topics in Applied Earth Observations and Remote Sensing
2672	Games
2678	Interactive Technology and Smart Education
2680	International Journal of Pervasive Computing and Communications
2684	system level interconnect prediction
2685	international conference on autonomic and autonomous systems
2686	international conference on control and automation
2689	BMC Genomics
2692	Journal of Electrical and Computer Engineering
2693	International Journal of Intelligent Systems in Accounting, Finance & Management
2699	Journal of Physics A
2701	arXiv: Differential Geometry
2704	international conference on peer-to-peer computing
2706	International Journal of Dependable and Trustworthy Information Systems
2708	aspect-oriented software development
2716	computer aided modeling and design of communication links and networks
2722	international conference on acoustics speech and signal processing
2723	IEEE Transactions on Acoustics, Speech, and Signal Processing
2728	international conference on distributed smart cameras
2729	Iee Proceedings-software
2730	Computing in Science and Engineering
2733	Interfaces
2742	virtual environments human computer interfaces and measurement systems
2746	workshop on software and performance
2747	sensor mesh and ad hoc communications and networks
2750	The British Journal for the Philosophy of Science
2751	biomedical engineering and informatics
2752	intelligent information hiding and multimedia signal processing
2759	ACM Communications in Computer Algebra
2763	pervasive computing and communications
2765	Open Systems & Information Dynamics
2767	international conference on digital information management
2769	Information Security Journal: A Global Perspective
2774	arXiv: High Energy Physics - Lattice
2775	Source Code for Biology and Medicine
2778	ACM Journal on Emerging Technologies in Computing Systems
2780	brazilian symposium on neural networks
2783	Adaptive Behavior
2793	reconfigurable computing and fpgas
2803	Eurasip Journal on Audio, Speech, and Music Processing
2812	Journal of Applied Mathematics
2814	IEEE Transactions on Automation Science and Engineering
2840	human-robot interaction
2846	international conference on design of communication
2851	Computación Y Sistemas
2863	Optics Express
2865	Journal of Software Maintenance and Evolution: Research and Practice
2866	computational sciences and optimization
2870	Journal of Robotic Systems
2872	Annals of Gis \/ Geographic Information Sciences
2878	international solid-state circuits conference
2885	international conference on optical communication systems
2899	Chemie Ingenieur Technik
2903	Transactions of The Japanese Society for Artificial Intelligence
2910	mining software repositories
2913	computational aspects of social networks
2914	international conference on e-business and e-government
2921	International Journal of Advanced Media and Communication
2926	International Game Theory Review
2934	computer-aided design and computer graphics
2940	international on line testing symposium
2944	International Journal of Biomedical Imaging
2950	international conference on frontiers in handwriting recognition
2954	Distributed Systems Engineering
2959	International Journal of Healthcare Information Systems and Informatics
2971	Information-an International Interdisciplinary Journal
2973	Interactive Learning Environments
2976	computer systems and technologies
2985	engineering of computer based systems
2987	new zealand chapter's international conference on computer-human interaction
2998	IEEE Intelligent Transportation Systems Magazine
3007	IEEE Transactions on Industry Applications
3014	Journal of The American Society for Information Science
3032	International Journal of Imaging Systems and Technology
3040	international conference on computer modeling and simulation
3049	many-task computing on grids and supercomputers
3059	Cvgip: Image Understanding
3063	software engineering and advanced applications
3064	Software Engineering Journal
3070	arXiv: Atmospheric and Oceanic Physics
3075	challenges of large applications in distributed environments
3087	ACM Sigweb Newsletter
3090	Biodata Mining
3095	Advances in Fuzzy Systems
3096	At-automatisierungstechnik
3104	ieee international symposium on workload characterization
3107	The American Economic Review
3112	IEEE Transactions on Emerging Topics in Computing
3125	Journal of Communications
3126	intelligent systems design and applications
3127	Natural Language Engineering
3143	Advances in Operations Research
3144	service-oriented computing and applications
3153	International Journal of Web Based Communities
3154	international conference on software engineering advances
3158	Parallel Algorithms and Applications
3161	java technologies for real-time and embedded systems
3181	cooperative and human aspects of software engineering
3185	international conference on multimedia retrieval
3193	IEEE Transactions on Professional Communication
3194	IEEE Transactions on Speech and Audio Processing
3205	Journal of Economic Behavior and Organization
3209	Advances in Human-computer Interaction
3210	Real-time Imaging
3222	Journal of Bioinformatics and Computational Biology
3240	networks-on-chips
3255	Asia-Pacific Journal of Operational Research
3258	IEEE Transactions on Big Data
3262	ACM Crossroads Student Magazine
3271	International Journal of Synthetic Emotions
3272	International Journal of Wireless & Mobile Networks
3279	machine vision and human machine interface
3284	Review of Symbolic Logic
3288	International Journal of Database Management Systems
3290	Frontiers in Digital Humanities
3293	new technologies, mobility and security
3294	innovative mobile and internet services in ubiquitous computing
3298	electro information technology
3299	IEEE Personal Communications
3304	digital image computing techniques and applications
3312	Journal of Media Psychology
3313	International Journal of Biometrics
3314	ACM Transactions in Embedded Computing Systems
3315	International Journal of Computer Science and Information Technology
3316	Learned Publishing
3322	semantics, knowledge and grid
3326	International Journal of Grid and Utility Computing
3327	International Journal of Radio Frequency Identification Technology and Applications
3335	International Journal of Humanoid Robotics
3336	high performance switching and routing
3343	International Journal of Computer Aided Engineering and Technology
3358	International Journal of Business Information Systems
3364	International Journal of Wireless and Mobile Computing
3365	International Journal of Shape Modeling
3375	International Journal of Bio-inspired Computation
3379	International Journal of Applied Decision Sciences
3380	International Journal of Intelligent Engineering Informatics
3386	intelligent data acquisition and advanced computing systems: technology and applications
3388	Eurasip Journal on Information Security
3390	frontier of computer science and technology
3398	International Journal of Mobile Communications
3400	International Journal of Computing Science and Mathematics
3406	International Journal of Ad Hoc and Ubiquitous Computing
3407	Journal of Vlsi Signal Processing Systems for Signal Image and Video Technology
3414	empirical software engineering and measurement
3422	International Journal of Electronic Security and Digital Forensics
3429	Ima Journal of Mathematical Control and Information
3431	Journal of Mathematical Cryptology
3434	International Journal of Semantic Computing
3440	International Journal of Computational Intelligence Studies
3444	International Journal of Mobile Learning and Organisation
3454	International Journal of Communication Networks and Distributed Systems
3456	International Journal of Advanced Intelligence Paradigms
3460	Advances in Numerical Analysis
3472	International Journal of Internet Protocol Technology
3481	International Journal of Services Technology and Management
3482	International Journal of Advanced Operations Management
3485	Microprocessing and Microprogramming
3487	symposium on principles of programming languages
3494	AIP Advances
3496	International Journal of Security and Networks
3500	International Journal of Learning Technology
3501	Database
3503	The International Journal of Multimedia & Its Applications
3511	international conference on computational advances in bio and medical sciences
3516	International Journal of Data Analysis Techniques and Strategies
3522	International Journal of Computational Intelligence and Applications
3524	Vitae-revista De La Facultad De Quimica Farmaceutica
3528	International Journal of Digital Library Systems
3530	ACM Transactions on Reconfigurable Technology and Systems
3531	requirements engineering
3532	International Journal of Critical Computer-based Systems
3543	nature and biologically inspired computing
3549	acs/ieee international conference on computer systems and applications
3552	International Journal of Electronic Business
3560	international conference on networking sensing and control
3562	International Journal of Business Performance and Supply Chain Modelling
3565	european conference on circuit theory and design
3567	cyber-enabled distributed computing and knowledge discovery
3570	conference on computer as a tool
3571	IEEE Transactions on Applications and Industry
3572	self-adaptive and self-organizing systems
3583	IEEE Transactions on Education
3586	ACM Sigada Ada Letters
3610	Eurasip Journal on Embedded Systems
3615	IEEE Parallel & Distributed Technology: Systems & Applications
3618	Concurrent Engineering
3634	International Journal of Software Engineering & Applications
3639	International Journal of Computational Vision and Robotics
3648	multimedia interaction design and innovation
3652	interactive 3d graphics and games
3653	ACM Sigsam Bulletin
3654	IEEE Transactions on Electronic Computers
3656	international conference on systems and networks communications
3657	virtual reality continuum and its applications in industry
3659	electronic and mechanical engineering and information technology
3660	international conference on e-business engineering
3661	international conference on education technology and computer
3662	brazilian symposium on multimedia and the web
3663	Frontiers in Education
3665	workshop on privacy in the electronic society
3666	document engineering
3667	soft computing and pattern recognition
3670	international conference on cyber-physical systems
3671	non-photorealistic animation and rendering
3673	information and communication technologies and development
3674	Mobile Computing and Communications Review
3675	international conference on ubiquitous information management and communication
3677	euro american conference on telematics and information systems
3678	nordic conference on human-computer interaction
3679	advanced robotics and its social impacts
3681	performance evaluation of wireless ad hoc, sensor, and ubiquitous networks
3682	spoken language technology workshop
3683	wireless, mobile and ubiquitous technologies in education
3684	Journal of Numerical Mathematics
3686	advanced industrial conference on telecommunications
3687	virtual reality software and technology
3688	International Journal of Intelligent Systems Technologies and Applications
3689	Infor
3690	mobility management and wireless access
3691	self adaptive and self organizing systems
3692	mobile and ubiquitous multimedia
3694	modeling analysis and simulation of wireless and mobile systems
3695	acm conference on systems programming languages and applications software for humanity
3696	next generation mobile applications, services and technologies
3699	mobile ad hoc networking and computing
3700	balkan conference in informatics
3702	wireless network security
3703	international conference on asian language processing
3704	International Journal of Metadata, Semantics and Ontologies
3705	symposium on integrated circuits and systems design
3706	applied perception in graphics and visualization
3707	architectures for networking and communications systems
3709	international conference on supporting group work
3710	compilers, architecture, and synthesis for embedded systems
3711	acm ieee international conference on mobile computing and networking
3715	Communication Research
3719	conference on computer graphics and interactive techniques in australasia and southeast asia
3720	International Journal of Medical Engineering and Informatics
3722	international conference on electrical engineering and informatics
3725	pervasive technologies related to assistive environments
3726	Intelligent Information Management
3727	conference on computers and accessibility
3728	management of emergent digital ecosystems
3730	workshop on positioning navigation and communication
3731	Int'l J. of Communications, Network and System Sciences
3732	nano micro engineered and molecular systems
3734	security of information and networks
3735	information interaction in context
3738	international conference on mobile technology applications and systems
3740	Traitement Du Signal
3742	digital interactive media in entertainment and arts
3743	dynamic languages symposium
3744	International Journal of Functional Informatics and Personalised Medicine
3748	vehicular networking conference
3749	ACM Transactions on Computing Education \/ ACM Journal of Educational Resources in Computing
3750	IEEE Transactions on Systems Science and Cybernetics
3751	european conference on computer systems
3752	International Journal of Digital Multimedia Broadcasting
3753	International Journal of Central Banking
3754	international computing education research workshop
3755	network and system support for games
3756	distributed event-based systems
3757	Siam Journal on Scientific and Statistical Computing
3758	spring conference on computer graphics
3759	international symposium on computational intelligence and design
3761	International Journal of Humanities and Arts Computing
3762	International Journal of High Speed Computing
3763	automation of software test
3764	pacific-asia conference on circuits, communications and systems
3765	Journal of Software Engineering and Applications
3766	virtual execution environments
3768	eclipse technology exchange
3769	Journal of Aerospace Computing Information and Communication
3774	International Journal of Open Source Software and Processes
3775	cognitive radio and advanced spectrum management
3778	international conference on automation and logistics
3780	international conference on performance engineering
3781	Literary and Linguistic Computing
3782	Computer Languages
3783	Journal of Information Security
3785	International Journal of Computational Engineering Science
3790	computer human interaction for management of information technology
3797	international conference on ehealth, telemedicine, and social medicine
3801	symposium on application specific processors
3802	International Journal of Applied Logistics
3803	wireless and optical communications networks
3804	International Journal of Satellite Communications
3805	visualizing software for understanding and analysis
3806	digital game and intelligent toy enhanced learning
3808	International Journal of Artificial Intelligence & Applications
3809	workflows in support of large scale science
3820	Scientific Journal of Riga Technical University. Computer Sciences
3826	designing for user experiences
3837	Revue Dintelligence Artificielle
3842	International Journal of Information Acquisition
3843	conference on high performance computing supercomputing
3848	ACM Standardview
3851	International Journal of Business Process Integration and Management
3861	IEEE Transactions on Computational Social Systems
3862	History and Computing
3863	Impact of Computing in Science and Engineering
3866	data storage and data engineering
3871	IEEE Transactions on Information Technology in Biomedicine
3879	Biophysical Journal
3881	ReCALL
3884	european solid state circuits conference
3887	international conference on the digital society
3889	semantics knowledge and grid
3894	Circuits and Systems
3898	International Journal of Ad Hoc, Sensor & Ubiquitous Computing
3902	asia-pacific conference on wearable computing systems
3915	petascale data storage workshop
3916	international solid state circuits conference
3919	Argument & Computation
3921	Synthesis Lectures on Biomedical Engineering
3923	Journal of Geographic Information System
3927	intelligent information technology application
3934	ACM Sigsim Simulation Digest
3938	International Journal of Next-generation Networks
3939	principles, systems and applications of ip telecommunications
3941	international conference on e business engineering
3945	International Journal of Intelligent Defence Support Systems
3957	Journal of Shanghai Jiaotong University (science)
3970	international conference on mobile systems applications and services
3986	pacific-asia workshop on computational intelligence and industrial application
4019	data mining and optimization
4038	Physics in Medicine and Biology
4040	Clinical Rehabilitation
4041	Stochastics An International Journal of Probability and Stochastic Processes
4044	Journal of Personality and Social Psychology
4046	Statistics & Probability Letters
4047	International Journal of Reliability, Quality and Safety Engineering
4050	Urological Research
4108	Cheminform
4117	intelligent data acquisition and advanced computing systems technology and applications
4119	Synthesis Lectures on Communications
4176	Medical Physics
4198	Revue D'anthropologie Des Connaissances
4218	Journal of Algorithms & Computational Technology
4227	Iete Technical Review
4249	International Journal of Remote Sensing
4256	The Bottom Line: Managing Library Finances
4271	Microelectronics International
4273	American Journal of Botany
4295	Theoretical Chemistry Accounts
4317	Journal of Cardiovascular Magnetic Resonance
4481	Physics Reports
4558	arXiv: Cosmology and Nongalactic Astrophysics
4639	Physical Chemistry Chemical Physics
4670	Pump Industry Analyst
4785	Parasitology International
4818	signal image technology and internet based systems
4830	Data Science and Engineering
