id_n	name_s
0	cnn.com
1	princegeorgecitizen.com
2	kfru.com
3	campusreform.org
4	worldscreen.com
5	ktiv.com
6	morganton.com
7	stuff.co.nz
8	3yb.com.au
9	seattletimes.com
10	joker.com
11	pulse.ng
12	openpr.com
13	953thescore.com
14	dailymail.co.uk
15	iheart.com
16	baltic-course.com
17	wbap.com
18	miamiherald.com
19	batleynews.co.uk
20	satnews.com
21	thenextweb.com
22	prnewswire.com
23	kwqc.com
24	apnews.com
25	9news.com
26	eastbourneherald.co.uk
27	zerohedge.com
28	revolutionradio.org
29	radioiowa.com
30	elpasotimes.com
31	decaturdaily.com
32	stanford.edu
33	fontanaheraldnews.com
34	kspr.com
35	vermilionstandard.com
36	reviewtimes.com
37	ksby.com
38	mitchellrepublic.com
39	hardocp.com
40	thestreetjournal.org
41	buffalonews.com
42	sunraysiadaily.com.au
43	animalforum.com
44	vietnamtribune.com
45	northernnews.ca
46	newsmax.com
47	patch.com
48	wect.com
49	grubstreet.com
50	bignewsnetwork.com
51	washingtonexaminer.com
52	jordantimes.com
53	stripes.com
54	standardmedia.co.ke
55	msn.com
56	theintelligencer.net
57	brproud.com
58	financialexpress.com
59	chron.com
60	xinhuanet.com
61	siasat.com
62	beloitdailynews.com
63	savannahnow.com
64	texomashomepage.com
65	zdnet.com
66	thezimbabwemail.com
67	musicconnection.com
68	timesofisrael.com
69	mining.com
70	independenttribune.com
71	sarniathisweek.com
72	richmond-news.com
73	foxnews.com
74	thetowntalk.com
75	wtae.com
76	thehill.com
77	globenewswire.com
78	wwd.com
79	endigest.com
80	derbyshiretimes.co.uk
81	katm.com
82	news8000.com
83	chestnuthilllocal.com
84	wfae.org
85	mapleridgenews.com
86	courthousenews.com
87	justjaredjr.com
88	denbighshirefreepress.co.uk
89	klove.com
90	plasticsinpackaging.com
91	informnny.com
92	q106fm.com
93	harringayonline.com
94	circa.com
95	reuters.com
96	sfgate.com
97	thesuburbanite.com
98	mrt.com
99	plenglish.com
100	screenrant.com
101	channel3000.com
102	onbeing.org
103	allafrica.com
104	thecourierexpress.com
105	blacklistednews.com
106	washingtonpost.com
107	fbherald.com
108	phillytrib.com
109	reliefweb.int
110	newsandtribune.com
111	nyoooz.com
112	kodiakdailymirror.com
113	dailyecho.co.uk
114	english.wafa.ps
115	mynorthwest.com
116	eurekalert.org
117	startribune.com
118	dayton.com
119	banana1015.com
120	kacu.org
121	daveramsey.com
122	dupontregistry.com
123	yorkshirepost.co.uk
124	therealdeal.com
125	vernonmorningstar.com
126	businesswire.com
127	wttw.com
128	marketwatch.com
129	capitolhillseattle.com
130	liverpoolecho.co.uk
131	finanznachrichten.de
132	wbtv.com
133	thompsononline.ca
134	kashmirreader.com
135	taku105.com
136	wnaw.com
137	newstalk1030.com
138	carrollcountytimes.com
139	boxing.com
140	capegazette.com
141	thenorthernecho.co.uk
142	winsfordguardian.co.uk
143	westport-news.com
144	dailytribune.com
145	bleacherreport.com
146	pri.org
147	somd.com
148	wmur.com
149	radio.gov.pk
150	walesonline.co.uk
151	magicvalley.com
152	yahoo.com
153	infowars.com
154	klif.com
155	medina-gazette.com
156	abc.net.au
157	wtkr.com
158	eater.com
159	my921.ca
160	kxlh.com
161	burytimes.co.uk
162	actionnewsnow.com
163	whitecourtstar.com
164	minicassia.com
165	kmaj1440.com
166	scotsman.com
167	globalnews.ca
168	seekingalpha.com
169	uproxx.com
170	cotswoldjournal.co.uk
171	china.org.cn
172	rightwingnews.com
173	tmcnet.com
174	irantalent.com
175	thehindu.com
176	app.com
177	kevinmd.com
178	keighleynews.co.uk
179	fox2now.com
180	ominecaexpress.com
181	newsitem.com
182	dailypolitical.com
183	indiagazette.com
184	deltapublications.com
185	cbs19.tv
186	nigerianpilot.com
187	wcoapensacola.com
188	hospitalitynet.org
189	langleytimes.com
190	tradewindsnews.com
191	comicsbeat.com
192	wkar.org
193	abc12.com
194	theweek.com
195	kfilradio.com
196	wtma.com
197	wkyt.com
198	express.co.uk
199	journalstar.com
200	thesouthafrican.com
201	itv.com
202	xtra99.com
203	manilatimes.net
204	plymouthherald.co.uk
205	mpnnow.com
206	mobilesyrup.com
207	channelnewsasia.com
208	bridportnews.co.uk
209	burnabynow.com
210	elitedaily.com
211	whitehouse.gov
212	newsleader.com
213	realclearpolitics.com
214	houstonchronicle.com
215	everythinggp.com
216	wkrb13.com
217	bdtonline.com
218	kashmirtimes.in
219	rollingstone.com
220	nola.com
221	ssuchronicle.com
222	kron4.com
223	freshplaza.com
224	dailyprogress.com
225	zennie62blog.com
226	straitstimes.com
227	wfdd.org
228	kickoff.com
229	fxstreet.com
230	thesouthernreporter.co.uk
231	cbslocal.com
232	wdio.com
233	247.libero.it
234	thisdaylive.com
235	portfolio.hu
236	rockpapershotgun.com
237	valuewalk.com
238	theweek.in
239	nwahomepage.com
240	am970theanswer.com
241	wfmz.com
242	kdal610.com
243	familyhistorydaily.com
244	fginsight.com
245	bridgwatermercury.co.uk
246	girlslife.com
247	courier-journal.com
248	yourthurrock.com
249	colombiareports.com
250	papermag.com
251	onenewspage.com
252	ksl.com
253	christendom.edu
254	justjared.com
255	kool1017.com
256	duke.fm
257	cowichanvalleycitizen.com
258	wccftech.com
259	lillooetnews.net
260	southcarolinapublicradio.org
261	cnc3.co.tt
262	heraldpalladium.com
263	businessgreen.com
264	publicradiotulsa.org
265	thedailyreporter.com
266	urdupoint.com
267	957thebeatfm.com
268	breakingnews.ie
269	garstangcourier.co.uk
270	spotlightnews.com
271	ardmoreite.com
272	unionleader.com
273	1043freshradio.ca
274	messengernewspapers.co.uk
275	radionz.co.nz
276	wrcbtv.com
277	therecord.com
278	theverge.com
279	paysonroundup.com
280	actionnewsjax.com
281	kuvo.org
282	saudigazette.com.sa
283	mdjonline.com
284	freestonecountytimesonline.com
285	wtvq.com
286	kten.com
287	hotelnewsresource.com
288	wbur.org
289	dredgingtoday.com
290	hngnews.com
291	lacrossetribune.com
292	q102.ie
293	okgazette.com
294	wbng.com
295	scnow.com
296	goupstate.com
297	wdtv.com
298	offalyexpress.ie
299	motorcyclenews.com
300	eveshamjournal.co.uk
301	q103albany.com
302	brooklynvegan.com
303	visionmp.com
304	stamfordadvocate.com
305	bnnbloomberg.ca
306	cnbc.com
307	wbnq.com
308	hot967fm.com
309	wboy.com
310	imtj.com
311	lotterypost.com
312	dw.com
313	thelocal.se
314	nwitimes.com
315	cjoy.com
316	ksdk.com
317	myjoyonline.com
318	thegeorgeanne.com
319	kffm.com
320	wcrz.com
321	q107fm.ca
322	vancouverisland.ctvnews.ca
323	foxillinois.com
324	clarksvillenow.com
325	wctv.tv
326	kicks105.com
327	wctrib.com
328	theskinny.co.uk
329	windsorstar.com
330	forbes.com
331	einnews.com
332	harwichandmanningtreestandard.co.uk
333	nj.com
334	thestar.com
335	comparecards.com
336	nhregister.com
337	theduke.fm
338	goldcoastbulletin.com.au
339	chorleycitizen.co.uk
340	bworldonline.com
341	thestarphoenix.com
342	stereogum.com
343	law360.com
344	wvxu.org
345	b106fm.com
346	eff.org
347	thehansindia.com
348	1055thehawk.com
349	nydailyrecord.com
350	union-bulletin.com
351	holidaypirates.com
352	clintonnewsrecord.com
353	kcci.com
354	eonline.com
355	ktvo.com
356	tribtown.com
357	crainscleveland.com
358	qchron.com
359	thelincolnite.co.uk
360	enfieldindependent.co.uk
361	laist.com
362	townsvillebulletin.com.au
363	wandsworthguardian.co.uk
364	studentnewspaper.org
365	thenationonlineng.net
366	sgtreport.com
367	cheatsheet.com
368	solecollector.com
369	thisisanfield.com
370	burnhamandhighbridgeweeklynews.co.uk
371	iol.co.za
372	dailyinterlake.com
373	wgcu.org
374	mynorthbaynow.com
375	kztv10.com
376	theonion.com
377	kingscountynews.ca
378	wcfcourier.com
379	livedesignonline.com
380	pcgamesn.com
381	farmersadvance.com
382	gizmodo.com
383	q1077.com
384	standardrecorder.com
385	building.co.uk
386	gwdtoday.com
387	wmxv1015.com
388	archdaily.com
389	hannibal.net
390	us105fm.com
391	tsn.ca
392	wsbtv.com
393	renfrewtoday.ca
394	sys-con.com
395	bozemanskissfm.com
396	zimbabwe-today.com
397	prweb.com
398	moberlymonitor.com
399	ehfcl.com
400	theportugalnews.com
401	lifesitenews.com
402	theday.com
403	wickedlocal.com
404	kplctv.com
405	scpr.org
406	nzherald.co.nz
407	firstpost.com
408	surfky.com
409	wobm.com
410	travelpulse.com
411	aol.co.uk
412	romseyadvertiser.co.uk
413	politicalwire.com
414	redwoodfallsgazette.com
415	ktep.org
416	interiordesign.net
417	abc7ny.com
418	islingtontribune.com
419	wkow.com
420	thenewstribune.com
421	wbko.com
422	alice965.com
423	parabolicarc.com
424	samessenger.com
425	ottawa.ctvnews.ca
426	memphisflyer.com
427	lmtonline.com
428	nagariknetwork.com
429	arabnews.com
430	thewolf.ca
431	thetimes.co.uk
432	bbc.com
433	kisssoo.com
434	westernslopenow.com
435	observer.com
436	rawstory.com
437	dailycaller.com
438	blessyouboys.com
439	investmentweek.co.uk
440	mrtopstep.com
441	gazetteherald.co.uk
442	kwtx.com
443	energycentral.com
444	winchesterstar.com
445	ldnews.com
446	foxtel.com.au
447	adn.com
448	nikkei.com
449	baystatebanner.com
450	northwaleschronicle.co.uk
451	grandprix.com
452	worldbank.org
453	valdostatoday.com
454	1061thecorner.com
455	caledoniacourier.com
456	kikn.com
457	quesnelobserver.com
458	hulldailymail.co.uk
459	abc30.com
460	spectator.co.uk
461	theprogressnews.com
462	freemalaysiatoday.com
463	wacotrib.com
464	cigar-coop.com
465	ngnews.ca
466	newson6.com
467	wmra.org
468	politico.com
469	whig.com
470	kuer.org
471	penarthtimes.co.uk
472	cairnspost.com.au
473	duncanbanner.com
474	heritagefl.com
475	magic106.com
476	kpcnews.com
477	news.err.ee
478	tucson.com
479	mynbc5.com
480	enterprisenews.com
481	wyshradio.com
482	kjrh.com
483	worldoil.com
484	policeone.com
485	mtlblog.com
486	thermofisher.com
487	witneygazette.co.uk
488	recode.net
489	aol.com
490	alshahid.net
491	z94.com
492	siouxcityjournal.com
493	nbcnews.com
494	pressrepublican.com
495	kait8.com
496	qt.com.au
497	business-standard.com
498	aninews.in
499	1023thebullfm.com
500	wsoctv.com
501	wordpress.com
502	naplesnews.com
503	go.com
504	turnto10.com
505	kulr8.com
506	trussvilletribune.com
507	gilmermirror.com
508	usatoday.com
509	productmarketingreviews.com
510	army.mil
511	kcby.com
512	bryantimes.com
513	yaktrinews.com
514	dailyforex.com
515	beckersspine.com
516	goal.com
517	koamnewsnow.com
518	courant.com
519	marketscreener.com
520	wtov9.com
521	sabcnews.com
522	9news.com.au
523	theglobeandmail.com
524	tvseriesfinale.com
525	realgeni.com
526	mcphersonsentinel.com
527	itbusinessnet.com
528	greenvilleonline.com
529	indiatimes.com
530	kearneyhub.com
531	vicnews.com
532	registercitizen.com
533	menafn.com
534	scoop.co.nz
535	991thewhale.com
536	mix100fm.com
537	thompsoncitizen.net
538	am1380theanswer.com
539	country105.com
540	humanitariannews.org
541	thetimesnews.com
542	wlns.com
543	nesn.com
544	citizen.co.za
545	soundonsound.com
546	countyweeklynews.ca
547	news957.com
548	yourmortgage.com.au
549	theinquirer.net
550	northernstar.com.au
551	idrw.org
552	conchovalleyhomepage.com
553	duluthnewstribune.com
554	broadwayworld.com
555	thisislancashire.co.uk
556	sunstar.com.ph
557	nypost.com
558	mix925abilene.com
559	thoroughbreddailynews.com
560	tacticalreport.com
561	pressdemocrat.com
562	irishexaminer.com
563	newsy.com
564	eveningtimes.co.uk
565	punchng.com
566	metrowestdailynews.com
567	jewishjournal.com
568	fintechnews.my
569	timeslive.co.za
570	bristolpost.co.uk
571	variety.com
572	prokerala.com
573	mysanantonio.com
574	worcesternews.co.uk
575	theticket.com
576	castanet.net
577	country94.ca
578	tpr.org
579	cbc.ca
580	gizmodo.co.uk
581	poststar.com
582	ecr.co.za
583	bitrebels.com
584	kbull93.com
585	thelancasterandmorecambecitizen.co.uk
586	mu.dah.my
587	wdtimes.com
588	prajasakti.com
589	worldsoccertalk.com
590	cashboxcanada.ca
591	trib.com
592	kisscasper.com
593	kism.com
594	12up.com
595	limaohio.com
596	the-japan-news.com
597	tauntongazette.com
598	independent.co.uk
599	ncnn.com
600	whcuradio.com
601	nbcnewyork.com
602	eib.org
603	upi.com
604	1310kfka.com
605	pasoroblesdailynews.com
606	jerseyeveningpost.com
607	nanaimobulletin.com
608	weyburnreview.com
609	bclocalnews.com
610	concordmonitor.com
611	wcsmradio.com
612	fosters.com
613	ketr.org
614	hollandsentinel.com
615	politicamentecorretto.com
616	kiis1011.com.au
617	tulsaworld.com
618	wyrk.com
619	wltx.com
620	wptv.com
621	wfmynews2.com
622	macombdaily.com
623	wcax.com
624	dualshockers.com
625	inquisitr.com
626	russiaherald.com
627	asianimage.co.uk
628	ejinsight.com
629	politico.eu
630	pilotmountainnews.com
631	lakegenevanews.net
632	kiro7.com
633	knoxnews.com
634	sturgisjournal.com
635	cjr.org
636	carscoops.com
637	talk1073.com
638	thedailynewnation.com
639	newstimes.com
640	kristv.com
641	vancourier.com
642	trust.org
643	afghanistannews.net
644	620ckrm.com
645	jpost.com
646	counterpunch.org
647	northantstelegraph.co.uk
648	telegraph.co.uk
649	columbustelegram.com
650	democratherald.com
651	kpvi.com
652	ewn.co.za
653	cgdev.org
654	arabherald.com
655	benzinga.com
656	90min.com
657	stalberttoday.ca
658	915thebeat.com
659	mlive.com
660	firefightingnews.com
661	freepressjournal.in
662	clickorlando.com
663	jezebel.com
664	waxahachietx.com
665	khou.com
666	euronews.com
667	postandcourier.com
668	931freshradio.ca
669	stamfordmercury.co.uk
670	vogue.co.uk
671	uefa.com
672	krbe.com
673	yenisafak.com
674	adventuresinpoortaste.com
675	timescolonist.com
676	wftv.com
677	muscatinejournal.com
678	theinterrobang.com
679	collider.com
680	readingchronicle.co.uk
681	wfin.com
682	jg-tc.com
683	csoonline.com
684	thelocal.de
685	newstalkkgvo.com
686	harrisondaily.com
687	egcitizen.com
688	virtual-strategy.com
689	thechronicle.com.gh
690	djmag.com
691	ktvq.com
692	cbsnews.com
693	kawc.org
694	out.com
695	dothaneagle.com
696	thecolgatemaroonnews.com
697	jamaica-star.com
698	kurzweilai.net
699	ktvz.com
700	sounderatheart.com
701	dailyvoice.com
702	chicagodefender.com
703	wemu.org
704	sun-sentinel.com
705	wng.org
706	loudwire.com
707	hitsfm.net
708	funkytaurusmedia.com
709	brusselstimes.com
710	ttnews.com
711	fairfieldcitizenonline.com
712	thewire.co.uk
713	newsone.com
714	pressandjournal.co.uk
715	carsonnow.org
716	northeastnow.com
717	birminghamstar.com
718	power923.com
719	joplinglobe.com
720	interfax.com.ua
721	daijiworld.com
722	her.ie
723	burnham-on-sea.com
724	af.mil
725	whnt.com
726	cyprus-mail.com
727	crossville-chronicle.com
728	capecodtimes.com
729	thescarboroughnews.co.uk
730	nampa.org
731	wwno.org
732	wpxi.com
733	geo.tv
734	usda.gov
735	investegate.co.uk
736	iradio.ie
737	570news.com
738	thurstontalk.com
739	regionaldailynews.com
740	exclaim.ca
741	wpsdlocal6.com
742	buchanobserver.co.uk
743	clutchpoints.com
744	thehindubusinessline.com
745	behindthesteelcurtain.com
746	kjo1055.com
747	sarajevotimes.com
748	ianslive.in
749	leaderherald.com
750	necn.com
751	falmouthpacket.co.uk
752	newsshopper.co.uk
753	janes.com
754	ipolitics.ca
755	autoguide.com
756	snopes.com
757	infotel.ca
758	1310news.com
759	elpasoinc.com
760	baxterbulletin.com
761	dailyexcelsior.com
762	max94one.com
763	kvoa.com
764	brentwoodlive.co.uk
765	tolonews.com
766	newtownbee.com
767	novanewsnow.com
768	opb.org
769	theguardian.com
770	98fm.com
771	thinkspain.com
772	ladailypost.com
773	abc7chicago.com
774	963theblaze.com
775	thesundaily.my
776	thetelegraph.com
777	westyorkshire.police.uk
778	tribune.com.pk
779	floridastatesman.com
780	kshb.com
781	india.com
782	fool.com
783	hotnewhiphop.com
784	theforecaster.net
785	thecommunityvoice.com
786	sunshinecoastdaily.com.au
787	torontosun.com
788	kalw.org
789	charlestonchronicle.net
790	agriculture.com
791	wvva.com
792	gazettenet.com
793	tennesseedaily.com
794	angop.ao
795	whio.com
796	pantagraph.com
797	eveningtelegraph.co.uk
798	libn.com
799	kdhnews.com
800	headlineplanet.com
801	king5.com
802	middletownpress.com
803	lexology.com
804	thomasnet.com
805	979nashicon.com
806	heraldsun.com.au
807	gov.uk
808	mobilitytechzone.com
809	news12.com
810	softpedia.com
811	13newsnow.com
812	tribuneonlineng.com
813	kxnet.com
814	lakersnation.com
815	thehour.com
816	wmac-am.com
817	industryweek.com
818	9and10news.com
819	qconline.com
820	goerie.com
821	newscenter1.tv
822	equitybulls.com
823	sussexexpress.co.uk
824	oxfordmail.co.uk
825	wfpk.org
826	kysdc.com
827	edp24.co.uk
828	jacksonsun.com
829	newvision.co.ug
830	smdailyjournal.com
831	businessinsider.com
832	dailynht.com
833	heraldlive.co.za
834	missoulian.com
835	valpolife.com
836	si.com
837	greenocktelegraph.co.uk
838	idahostatejournal.com
839	therepublic.com
840	scmagazine.com
841	hannaherald.com
842	self.com
843	nbcconnecticut.com
844	krgv.com
845	theaviationist.com
846	csmonitor.com
847	wndu.com
848	kool1079.com
849	iraqsun.com
850	reddit.com
851	sandiegomagazine.com
852	pv-magazine.com
853	ghanaweb.com
854	13wmaz.com
855	newscentermaine.com
856	yukon-news.com
857	kelownacapnews.com
858	kokomotribune.com
859	rexburgstandardjournal.com
860	1065thearch.com
861	leavenworthtimes.com
862	wqcs.org
863	thecaribbeancamera.com
864	pressreleasepoint.com
865	chippewa.com
866	livingstondaily.com
867	rock947.com
868	mix929.com
869	sbwire.com
870	nashvillepost.com
871	medicalxpress.com
872	standard.co.uk
873	abcactionnews.com
874	kansascity.com
875	kimberleybulletin.com
876	kxlf.com
877	wealthmanagement.com
878	gamespot.com
879	androidcentral.com
880	townhall.com
881	wybz.com
882	hutchnews.com
883	kxii.com
884	powerlineblog.com
885	theparisnews.com
886	nownews.com
887	watermarkonline.com
888	wan-ifra.org
889	urbanmilwaukee.com
890	gettysburgtimes.com
891	spokesman.com
892	investors.com
893	987thebeat.com
894	mvariety.com
895	themoreheadnews.com
896	thecourier.co.uk
897	clinicaladvisor.com
898	africaleader.com
899	madamenoire.com
900	torontolife.com
901	wnyt.com
902	digitaljournal.com
903	montereycountyweekly.com
904	hi99.com
905	nme.com
906	sputniknews.com
907	gdnonline.com
908	kfox.com
909	760kfmb.com
910	colombopage.com
911	thesun.co.uk
912	noosanews.com.au
913	barrons.com
914	gillettenewsrecord.com
915	computerweekly.com
916	fltimes.com
917	gazette-news.co.uk
918	dailyhodl.com
919	realbusiness.co.uk
920	thebostonpilot.com
921	usprwire.com
922	fox23.com
923	theatlantic.com
924	theenterpriseleader.com
925	wjtn.com
926	pulse.com.gh
927	kxly.com
928	oilprice.com
929	commercialappeal.com
930	bostonstar.com
931	westernmassnews.com
932	thetandd.com
933	coldlakesun.com
934	ecommercetimes.com
935	sunnewsonline.com
936	feedstuffs.com
937	stljewishlight.com
938	afghanistantimes.af
939	wegotthiscovered.com
940	freep.com
941	seattlepi.com
942	stltoday.com
943	myjournalcourier.com
944	kuaf.com
945	hannapub.com
946	935thelloyd.com
947	newsday.co.zw
948	jacksonville.com
949	kcchronicle.com
950	canindia.com
951	origin-businesstoday.intoday.in
952	pembinavalleyonline.com
953	mexicoledger.com
954	businessinsider.in
955	onthewight.com
956	digitaltrends.com
957	clevelandbanner.com
958	wxii12.com
959	ktvb.com
960	wgrd.com
961	973thedawg.com
962	nationalinterest.org
963	11alive.com
964	halesowennews.co.uk
965	chicagotribune.com
966	shorehamherald.co.uk
967	newnownext.com
968	tuko.co.ke
969	kuna.net.kw
970	monsterenergy.com
971	drapersonline.com
972	engadget.com
973	wkbn.com
974	independent.ie
975	oann.com
976	cnnphilippines.com
977	supertalk1570.com
978	malaymail.com
979	tricitynews.com
980	restonnow.com
981	wamc.org
982	southwalesguardian.co.uk
983	qctimes.com
984	manchestereveningnews.co.uk
985	dailykos.com
986	nationalreview.com
987	mmafighting.com
988	buzzfeed.com
989	thewhig.com
990	dailytimes.com.pk
991	wallaceburgcourierpress.com
992	psmag.com
993	zimbabwestar.com
994	firstcoastnews.com
995	wkmi.com
996	themountainmail.com
997	freerepublic.com
998	businessreport.com
999	silvercityradio.com
1000	wnmufm.org
1001	michigansthumb.com
1002	heraldscotland.com
1003	hindustantimes.com
1004	newburyportnews.com
1005	dallassun.com
1006	amren.com
1007	khq.com
1008	sidneydailynews.com
1009	cnynews.com
1010	rockymounttelegram.com
1011	keyt.com
1012	dailyitem.com
1013	eveningexpress.co.uk
1014	maplevalleyreporter.com
1015	digitalmedianet.com
1016	rferl.org
1017	kinja.com
1018	granthamjournal.co.uk
1019	crawleyobserver.co.uk
1020	beaumontenterprise.com
1021	lifenews.com
1022	nylon.com
1023	kion546.com
1024	northwestgeorgianews.com
1025	timesunion.com
1026	therecordherald.com
1027	palmbeachpost.com
1028	geelongadvertiser.com.au
1029	norwichbulletin.com
1030	mymixfm.com
1031	790wpic.com
1032	loopjamaica.com
1033	womansday.com
1034	wjol.com
1035	globalcustodian.com
1036	bigissue.com
1037	thedailyrecord.com
1038	insideindianabusiness.com
1039	toronto.ctvnews.ca
1040	lamonitor.com
1041	theturtleislandnews.com
1042	fox10tv.com
1043	theboot.com
1044	wiky.com
1045	perryvillenews.com
1046	utk.edu
1047	fandompost.com
1048	pireport.org
1049	inquirer.net
1050	wfaa.com
1051	kfor.com
1052	droitwichadvertiser.co.uk
1053	christianpost.com
1054	nnbusinessview.com
1055	timesnownews.com
1056	greenwichtime.com
1057	ross-shirejournal.co.uk
1058	thestreet.com
1059	businessghana.com
1060	weeklycitizen.com
1061	wixx.com
1062	wjrz.com
1063	uppermichiganssource.com
1064	thexradio.com
1065	nytimes.com
1066	thetelegraphandargus.co.uk
1067	newsweek.com
1068	nydailynews.com
1069	providencejournal.com
1070	bbc.co.uk
1071	billboard.com
1072	oleantimesherald.com
1073	worksopguardian.co.uk
1074	thisislocallondon.co.uk
1075	southernstar.ie
1076	mtstandard.com
1077	ifcj.org
1078	dailycommercial.com
1079	news-leader.com
1080	madison.com
1081	milb.com
1082	barryanddistrictnews.co.uk
1083	ynetnews.com
1084	wadk.com
1085	680news.com
1086	islandgazette.net
1087	ahram.org.eg
1088	belfastlive.co.uk
1089	nashfm1027.com
1090	rigzone.com
1091	krdo.com
1092	akron.com
1093	i95rocks.com
1094	grunge.com
1095	stalbansreview.co.uk
1096	baytoday.ca
1097	sfist.com
1098	thefanfm.com
1099	publishersweekly.com
1100	naharnet.com
1101	m.radio.cz
1102	extratime.ie
1103	tass.com
1104	ptbotoday.ca
1105	visajourney.com
1106	france24.com
1107	wlad.com
1108	seenews.com
1109	kenyastar.com
1110	starherald.com
1111	digg.com
1112	supplychainquarterly.com
1113	quintenews.com
1114	987therock.com
1115	shark1053.com
1116	newsadvance.com
1117	phys.org
1118	850wftl.com
1119	bournemouthecho.co.uk
1120	radio.com
1121	morningjournal.com
1122	940wfaw.com
1123	popsugar.com
1124	bearingarms.com
1125	lancasteronline.com
1126	smokymountainnews.com
1127	hawaiitelegraph.com
1128	wsaw.com
1129	jumpradio.ca
1130	stwnewspress.com
1131	wclk.com
1132	tahoeonstage.com
1133	orlandosentinel.com
1134	milfordmirror.com
1135	securityinfowatch.com
1136	corrections.com
1137	salisburyjournal.co.uk
1138	fow.com
1139	nasdaq.com
1140	southdadenewsleader.com
1141	huntspost.co.uk
1142	kjct8.com
1143	nrn.com
1144	space.com
1145	lifehacker.com
1146	cbs58.com
1147	101touchfm.co.uk
1148	gulftoday.ae
1149	stourbridgenews.co.uk
1150	energy.gov
1151	wbmq.net
1152	panapress.com
1153	milforddailynews.com
1154	wmagazine.com
1155	lse.co.uk
1156	sprucegroveexaminer.com
1157	legalnewsline.com
1158	walb.com
1159	switsalone.com
1160	albanyherald.com
1161	wdrb.com
1162	baltimorepostexaminer.com
1163	thedailyworld.com
1164	gulf104.com
1165	cnet.com
1166	ledburyreporter.co.uk
1167	sfchronicle.com
1168	937kclb.com
1169	mondovisione.com
1170	medicinehatnews.com
1171	latimes.com
1172	kwsn.com
1173	psychcentral.com
1174	stlouisstar.com
1175	wpdh.com
1176	hillingdontimes.co.uk
1177	pakistantelegraph.com
1178	albuquerqueexpress.com
1179	pop1.us
1180	redriverradio.org
1181	wvnn.com
1182	canada.com
1183	tribune.net.ph
1184	stylebistro.com
1185	advisor.ca
1186	travelweekly.com
1187	westmanjournal.com
1188	columbiabasinherald.com
1189	thenewsminute.com
1190	watchdog.org
1191	the-messenger.com
1192	edmontonsun.com
1193	aljazeera.com
1194	heart.co.uk
1195	ashepostandtimes.com
1196	myb106.com
1197	nccbmwcca.org
1198	azpbs.org
1199	metro.co.uk
1200	sunny.fm
1201	utilitydive.com
1202	hotelnewsnow.com
1203	fijivillage.com
1204	belfasttelegraph.co.uk
1205	salemnews.com
1206	dailyjournal.net
1207	womenshealthmag.com
1208	theshorthorn.com
1209	dailypost.ng
1210	wtnh.com
1211	addisonindependent.com
1212	curbed.com
1213	neowin.net
1214	dukefmfargo.com
1215	citylab.com
1216	bold.dk
1217	mycentraloregon.com
1218	wowktv.com
1219	lasvegassun.com
1220	capjournal.com
1221	webe108.com
1222	brainerddispatch.com
1223	ktuu.com
1224	heraldextra.com
1225	news4sanantonio.com
1226	ryeandbattleobserver.co.uk
1227	khkc1021.com
1228	sunderlandecho.com
1229	timesdaily.com
1230	mytwintiers.com
1231	krcb.org
1232	mirror.co.uk
1233	cw33.com
1234	calgaryherald.com
1235	ew.com
1236	fremonttribune.com
1237	dailyfreeman.com
1238	mashable.com
1239	kpax.com
1240	cornwallseawaynews.com
1241	cato.org
1242	hellomagazine.com
1243	sookenewsmirror.com
1244	philly.com
1245	smartertravel.com
1246	mauinow.com
1247	abladvisor.com
1248	mainecrimewriters.com
1249	animenewsnetwork.com
1250	thereporteronline.com
1251	mountvernonnews.com
1252	bangordailynews.com
1253	themorningbulletin.com.au
1254	theshoegame.com
1255	tdn.com
1256	gcaptain.com
1257	tewkesburyadmag.co.uk
1258	coinspeaker.com
1259	sify.com
1260	pressparty.com
1261	mapsofworld.com
1262	delhinewsrecord.com
1263	mainelymediallc.com
1264	masslive.com
1265	southeastasiapost.com
1266	wsaz.com
1267	thetelegram.com
1268	taiwansun.com
1269	godanriver.com
1270	kcrg.com
1271	eadt.co.uk
1272	bcrnews.com
1273	borehamwoodtimes.co.uk
1274	dispatchtribunal.com
1275	club937.com
1276	echolive.ie
1277	bloomberg.com
1278	mic.com
1279	mortgagestrategy.co.uk
1280	chemengonline.com
1281	pagesix.com
1282	halifaxcourier.co.uk
1283	ibtimes.com
1284	earthquakenewstoday.com
1285	finanzen.net
1286	empr.com
1287	wiscnews.com
1288	statesville.com
1289	wsvx.com
1290	people.com
1291	glennbeck.com
1292	luxurytravelmagazine.com
1293	kissnorthbay.com
1294	blavity.com
1295	andoveradvertiser.co.uk
1296	bssnews.net
1297	wmtw.com
1298	dnaindia.com
1299	sott.net
1300	tribecacitizen.com
1301	sbnation.com
1302	lohud.com
1303	textileworld.com
1304	kfgo.com
1305	fox4beaumont.com
1306	nbcphiladelphia.com
1307	annarbors107one.com
1308	hurriyetdailynews.com
1309	interest.co.nz
1310	pembroketoday.ca
1311	kchkradio.net
1312	kneb.com
1313	cryptonewsjournal24.com
1314	theintelligencer.com
1315	time.com
1316	stokesentinel.co.uk
1317	alternet.org
1318	communityimpact.com
1319	argusobserver.com
1320	boingboing.net
1321	bulawayo24.com
1322	cogconnected.com
1323	interfax.com
1324	durhamregion.com
1325	us95.us
1326	iied.org
1327	heraldcourier.com
1328	se933.com
1329	comicbook.com
1330	eveningnews24.co.uk
1331	kimatv.com
1332	europa-nu.nl
1333	tnonline.com
1334	coloradodaily.com
1335	fox45now.com
1336	redwatch.org.au
1337	dispatchlive.co.za
1338	goodgearguide.com.au
1339	newsx.com
1340	ifiberone.com
1341	wkdzradio.com
1342	thewave.ca
1343	kaok.com
1344	lagazzettadelmezzogiorno.it
1345	ottawacitizen.com
1346	hoards.com
1347	bovinevetonline.com
1348	dallasnews.com
1349	nagalandpost.com
1350	goblueridge.net
1351	dailysabah.com
1352	cleantechnica.com
1353	heavy.com
1354	nawindpower.com
1355	operationrainfall.com
1356	retailtimes.co.uk
1357	hotair.com
1358	kyma.com
1359	nhpr.org
1360	slate.com
1361	1029nashicon.com
1362	kkoh.com
1363	valleymorningstar.com
1364	lehighvalleylive.com
1365	countytimes.co.uk
1366	lep.co.uk
1367	dreadcentral.com
1368	whdh.com
1369	couriermail.com.au
1370	krcu.org
1371	chesterstandard.co.uk
1372	eastlothiancourier.com
1373	osoyoostimes.com
1374	fox13memphis.com
1375	coincommunity.com
1376	indianapolismonthly.com
1377	ctpost.com
1378	power-technology.com
1379	bhpioneer.com
1380	wtop.com
1381	zululandobserver.co.za
1382	miningweekly.com
1383	trustedreviews.com
1384	gympietimes.com.au
1385	kjzz.org
1386	helenair.com
1387	yourstory.com
1388	orissapost.com
1389	thesuburban.com
1390	sacmag.com
1391	fxmarketalerts.com
1392	propakistani.pk
1393	bta.bg
1394	thedailybeast.com
1395	etonline.com
1396	badlefthook.com
1397	kmhk.com
1398	sanangelolive.com
1399	norfolkdailynews.com
1400	vrfocus.com
1401	azcentral.com
1402	entomologytoday.org
1403	archinect.com
1404	upr.org
1405	omaha.com
1406	timesofmalta.com
1407	theosakisreview.com
1408	additudemag.com
1409	portlandmercury.com
1410	aliexpress.com
1411	planet1067.com
1412	1590walg.com
1413	news4jax.com
1414	933nashicon.com
1415	theaurora.ca
1416	autoremarketing.com
1417	myanmarnews.net
1418	yorkshireeveningpost.co.uk
1419	modernhealthcare.com
1420	baystreet.ca
1421	theguardian.pe.ca
1422	kttn.com
1423	voanews.com
1424	ksoo.com
1425	themissouritimes.com
1426	siouxlandproud.com
1427	kob.com
1428	livescience.com
1429	q13fox.com
1430	brisbanetimes.com.au
1431	thezimbabwedaily.com
1432	paulickreport.com
1433	weatherforddemocrat.com
1434	farminguk.com
1435	railwayage.com
1436	wenatcheeworld.com
1437	knue.com
1438	dhakatribune.com
1439	oregonlive.com
1440	godisageek.com
1441	readmedia.com
1442	briefingwire.com
1443	hemeltoday.co.uk
1444	bc.ctvnews.ca
1445	1090kaay.com
1446	worldcrunch.com
1447	wthitv.com
1448	hamhigh.co.uk
1449	wellsvilledaily.com
1450	swcbulletin.com
1451	travelprnews.com
1452	njbiz.com
1453	sandhillsexpress.com
1454	northcentralpa.com
1455	abcfoxmontana.com
1456	marketplace.org
1457	lethbridgeherald.com
1458	gjsentinel.com
1459	njherald.com
1460	rgj.com
1461	bcsnn.com
1462	multibriefs.com
1463	phoenixherald.com
1464	warwickonline.com
1465	click2houston.com
1466	wfnc640am.com
1467	aviationweek.com
1468	aim.org
1469	newsleading.info
1470	willistonherald.com
1471	placenorthwest.co.uk
1472	kcbd.com
1473	nbclosangeles.com
1474	vtdigger.org
1475	tvtechnology.com
1476	news.am
1477	abc10.com
1478	jdsupra.com
1479	rollcall.com
1480	theinertia.com
1481	talkofthetown.ie
1482	foroyaa.gm
1483	digitalspy.com
1484	theconservativetreehouse.com
1485	harrowtimes.co.uk
1486	wigantoday.net
1487	classiccountry1070.com
1488	hertsad.co.uk
1489	941theduke.com
1490	ieefa.org
1491	theprogress.com
1492	vox.com
1493	insidermonkey.com
1494	kber.com
1495	localberkshire.co.uk
1496	thepeak1041.com
1497	wrgc.com
1498	dailypress.com
1499	desmoinesregister.com
1500	ekathimerini.com
1501	maldonandburnhamstandard.co.uk
1502	premiumtimesng.com
1503	montgomerynews.com
1504	whatech.com
1505	messenger-inquirer.com
1506	alarabiya.net
1507	wtrf.com
1508	recordonline.com
1509	star98.net
1510	cochranetoday.ca
1511	creativebloq.com
1512	dailystar.co.uk
1513	analystratings.com
1514	wiltsglosstandard.co.uk
1515	boston.com
1516	oneindia.com
1517	indianexpress.com
1518	nbc4i.com
1519	northcountrynow.com
1520	knoe.com
1521	sowegalive.com
1522	techrepublic.com
1523	bulletsforever.com
1524	empowerednews.net
1525	furnituretoday.com
1526	lex18.com
1527	androidcommunity.com
1528	wesm913.org
1529	tribune242.com
1530	en.royanews.tv
1531	360nobs.com
1532	fox17online.com
1533	wfasam.com
1534	mb.com.ph
1535	kmjnow.com
1536	fxempire.com
1537	irishmirror.ie
1538	delmarvapublicradio.net
1539	thedailyblog.co.nz
1540	lasentinel.net
1541	melfortjournal.com
1542	npr.org
1543	bangkokpost.com
1544	deadline.com
1545	aspendailynews.com
1546	warringtonguardian.co.uk
1547	globegazette.com
1548	con-telegraph.ie
1549	basildonstandard.co.uk
1550	bleedingcool.com
1551	greekherald.com
1552	finsmes.com
1553	hot933hits.com
1554	rcrwireless.com
1555	voice-online.co.uk
1556	pv-magazine-usa.com
1557	timminspress.com
1558	syracuse.com
1559	brantfordexpositor.ca
1560	saltlakecitysun.com
1561	birminghammail.co.uk
1562	cp24.com
1563	postbulletin.com
1564	liliputing.com
1565	aidspan.org
1566	newwestrecord.ca
1567	miamidolphins.com
1568	hsj.co.uk
1569	wedbush.com
1570	asiaresearchnews.com
1571	kgns.tv
1572	1049therebel.com
1573	sjrnews.com
1574	pbs.org
1575	mmamania.com
1576	nevadaappeal.com
1577	wkjc.com
1578	londonmercury.com
1579	maravipost.com
1580	thebeat925.ca
1581	yankton.net
1582	multichannel.com
1583	wbaltv.com
1584	unitedwithisrael.org
1585	kingdomfm.co.uk
1586	wcjb.com
1587	southerngazette.ca
1588	pionline.com
1589	middlenecknews.com
1590	madrock1025.com
1591	berkeley.edu
1592	fin24.com
1593	vancouversun.com
1594	caledonianrecord.com
1595	ctvnews.ca
1596	al.com
1597	slashgear.com
1598	wgntv.com
1599	asu.edu
1600	kfyrtv.com
1601	centralmaine.com
1602	wdam.com
1603	wltribune.com
1604	fox5ny.com
1605	rock101.com
1606	journaltimes.com
1607	derryjournal.com
1608	bucksfreepress.co.uk
1609	theranch.fm
1610	wisconsinrapidstribune.com
1611	tor.com
1612	ftadviser.com
1613	jacksonprogress-argus.com
1614	nowfashion.com
1615	hebdenbridgetimes.co.uk
1616	roadandtrack.com
1617	hdnews.net
1618	heraldseries.co.uk
1619	postindependent.com
1620	washingtonian.com
1621	fis-ski.com
1622	northwalespioneer.co.uk
1623	acs.org
